id;hotel_name;hotel_city;hotel_price;hotel_type;hotel_rating;total_review;link
3000010039024;INNSIDE by Melia Yogyakarta;Yogyakarta;Rp 1.497.600;Hotels;08.06;4362;https://ik.imagekit.io/tvlk/apr-asset/dgXfoyh24ryQLRcGq00cIdKHRmotrWLNlvG-TxlcLxGkiDwaUSggleJNPRgIHCX6/hotel/asset/10039024-3182x2122-FIT_AND_TRIM-593d8b6835e9ead9a7e8c6e9a2e7507b.jpeg?tr=q-40
1000000509788;The Alana Hotel Conference Center Malioboro Yogyakarta by ASTON;Yogyakarta;Rp 1.437.500;Hotels;08.07;6356;https://ik.imagekit.io/tvlk/apr-asset/dgXfoyh24ryQLRcGq00cIdKHRmotrWLNlvG-TxlcLxGkiDwaUSggleJNPRgIHCX6/hotel/asset/10007041-78a99192f82684bf70f7e21a9df8ab63.jpeg?tr=q-40
409746;Hotel Tentrem Yogyakarta;Yogyakarta;Rp 2.299.000;Hotels;09.00;5857;https://ik.imagekit.io/tvlk/apr-asset/dgXfoyh24ryQLRcGq00cIdKHRmotrWLNlvG-TxlcLxGkiDwaUSggleJNPRgIHCX6/hotel/asset/10002860-868x1024-FIT_AND_TRIM-f0f9306c6aed589fe36d2b2e3d654bb9.jpeg?tr=q-40
100215;Hyatt Regency Yogyakarta;Yogyakarta;Rp 1.770.158;Resorts;08.09;3534;https://ik.imagekit.io/tvlk/apr-asset/dgXfoyh24ryQLRcGq00cIdKHRmotrWLNlvG-TxlcLxGkiDwaUSggleJNPRgIHCX6/hotel/asset/10001785-1690x1148-FIT_AND_TRIM-b480d344449ed28dca5241b57a44052e.jpeg?tr=q-40
168;Melia Purosani Yogyakarta;Yogyakarta;Rp 1.981.350;Hotels;08.07;3322;https://ik.imagekit.io/tvlk/apr-asset/dgXfoyh24ryQLRcGq00cIdKHRmotrWLNlvG-TxlcLxGkiDwaUSggleJNPRgIHCX6/hotel/asset/10000732-6e734f173aa8a2f68b5dfbc6a6b00ab5.jpeg?tr=q-40
344819;favehotel Kusumanegara;Yogyakarta;Rp 495.000;Hotels;08.02;5291;https://ik.imagekit.io/tvlk/apr-asset/dgXfoyh24ryQLRcGq00cIdKHRmotrWLNlvG-TxlcLxGkiDwaUSggleJNPRgIHCX6/hotel/asset/10007031-23fac4fa08b587779b9f91176d544780.jpeg?tr=q-40
84796;Sahid Raya Hotel Convention Yogyakarta;Yogyakarta;Rp 535.500;Hotels;07.09;4226;https://ik.imagekit.io/tvlk/apr-asset/dgXfoyh24ryQLRcGq00cIdKHRmotrWLNlvG-TxlcLxGkiDwaUSggleJNPRgIHCX6/hotel/asset/10002588-4d59f8ed7f1f5614765cb0d843868295.jpeg?tr=q-40
544602;Eastparc Hotel Yogyakarta;Yogyakarta;Rp 2.934.000;Hotels;09.00;7069;https://ik.imagekit.io/tvlk/apr-asset/dgXfoyh24ryQLRcGq00cIdKHRmotrWLNlvG-TxlcLxGkiDwaUSggleJNPRgIHCX6/hotel/asset/10000967-25a41477d959774f3759e84eb91806a5.jpeg?tr=q-40
289515;Royal Ambarrukmo Yogyakarta;Yogyakarta;Rp 2.855.376;Hotels;09.00;4098;https://ik.imagekit.io/tvlk/apr-asset/dgXfoyh24ryQLRcGq00cIdKHRmotrWLNlvG-TxlcLxGkiDwaUSggleJNPRgIHCX6/hotel/asset/10000970-740x465-FIT_AND_TRIM-d3b29e0fbf77b124e431b4f2d03fce97.jpeg?tr=q-40
4843;Grand Inna Malioboro;Yogyakarta;Rp 1.722.825;Hotels;08.06;10355;https://ik.imagekit.io/tvlk/apr-asset/dgXfoyh24ryQLRcGq00cIdKHRmotrWLNlvG-TxlcLxGkiDwaUSggleJNPRgIHCX6/hotel/asset/10000272-cfea799513723f6b8e505ecfe95c98bc.jpeg?tr=q-40
3000020018650;eL Hotel Royale Yogyakarta Malioboro;Yogyakarta;Rp 1.729.000;Hotels;08.07;1730;https://ik.imagekit.io/tvlk/apr-asset/dgXfoyh24ryQLRcGq00cIdKHRmotrWLNlvG-TxlcLxGkiDwaUSggleJNPRgIHCX6/hotel/asset/20018650-84b9d22fdf235fad0357d6521993fd68.jpeg?tr=q-40
294754;Jambuluwuk Malioboro Hotel Yogyakarta;Yogyakarta;Rp 1.150.982;Hotels;08.04;6993;https://ik.imagekit.io/tvlk/apr-asset/dgXfoyh24ryQLRcGq00cIdKHRmotrWLNlvG-TxlcLxGkiDwaUSggleJNPRgIHCX6/hotel/asset/10003449-1200x1006-FIT_AND_TRIM-da98526eb383abd8c3dc21f3d4caffc0.jpeg?tr=q-40
3000020003297;Yogyakarta Marriott Hotel;Yogyakarta;Rp 2.301.299;Hotels;09.00;3040;https://ik.imagekit.io/tvlk/apr-asset/dgXfoyh24ryQLRcGq00cIdKHRmotrWLNlvG-TxlcLxGkiDwaUSggleJNPRgIHCX6/hotel/asset/20003297-edb98294a920b6486d24755cc265d2e0.jpeg?tr=q-40
3000010007119;Hotel Neo Malioboro by ASTON;Yogyakarta;Rp 1.593.000;Hotels;08.08;10738;https://ik.imagekit.io/tvlk/apr-asset/dgXfoyh24ryQLRcGq00cIdKHRmotrWLNlvG-TxlcLxGkiDwaUSggleJNPRgIHCX6/hotel/asset/10007119-11954ac84c0768d99a7ae684c947182a.jpeg?tr=q-40
3000010000813;The Rich Jogja Hotel;Yogyakarta;Rp 750.000;Hotels;08.05;9056;https://ik.imagekit.io/tvlk/apr-asset/dgXfoyh24ryQLRcGq00cIdKHRmotrWLNlvG-TxlcLxGkiDwaUSggleJNPRgIHCX6/hotel/asset/10000813-3490x2322-FIT_AND_TRIM-28ac992823dbca9f6c45e0423274af42.jpeg?tr=q-40
3000010008396;Yellow Star Ambarukmo Hotel;Yogyakarta;Rp 887.999;Hotels;08.04;8414;https://ik.imagekit.io/tvlk/apr-asset/dgXfoyh24ryQLRcGq00cIdKHRmotrWLNlvG-TxlcLxGkiDwaUSggleJNPRgIHCX6/hotel/asset/10008396-4096x2731-FIT_AND_TRIM-64037e3629763313254df4dc788ecdb3.jpeg?tr=q-40
3000010000393;Hotel Dafam Fortuna Seturan;Yogyakarta;Rp 1.143.880;Hotels;08.05;7636;https://ik.imagekit.io/tvlk/apr-asset/dgXfoyh24ryQLRcGq00cIdKHRmotrWLNlvG-TxlcLxGkiDwaUSggleJNPRgIHCX6/hotel/asset/10000393-beabd4c40a103b63c07472744b00c661.jpeg?tr=q-40
3000010000158;Greenhost Boutique Hotel;Yogyakarta;Rp 675.000;Hotels;08.07;7025;https://ik.imagekit.io/tvlk/apr-asset/dgXfoyh24ryQLRcGq00cIdKHRmotrWLNlvG-TxlcLxGkiDwaUSggleJNPRgIHCX6/hotel/asset/10000158-58023b2aac9a00a2ad2b7186acaedab5.jpeg?tr=q-40
1000000463618;Crystal Lotus Hotel;Yogyakarta;Rp 835.963;Hotels;08.04;9294;https://ik.imagekit.io/tvlk/apr-asset/dgXfoyh24ryQLRcGq00cIdKHRmotrWLNlvG-TxlcLxGkiDwaUSggleJNPRgIHCX6/hotel/asset/10000369-1d4912bd62ea5cacb759edad9c436027.jpeg?tr=q-40
3000010000269;Indoluxe Hotel Jogjakarta;Yogyakarta;Rp 850.000;Hotels;08.07;6124;https://ik.imagekit.io/tvlk/apr-asset/dgXfoyh24ryQLRcGq00cIdKHRmotrWLNlvG-TxlcLxGkiDwaUSggleJNPRgIHCX6/hotel/asset/10000269-16cdca5ab6ffc17caf02c875dab21f56.jpeg?tr=q-40
3000010008560;Yellow Star Gejayan Hotel;Yogyakarta;Rp 938.000;Hotels;08.05;9218;https://ik.imagekit.io/tvlk/apr-asset/dgXfoyh24ryQLRcGq00cIdKHRmotrWLNlvG-TxlcLxGkiDwaUSggleJNPRgIHCX6/hotel/asset/10008560-3582x3817-FIT_AND_TRIM-5d46218d78ab8ddfa18a31e626006954.jpeg?tr=q-40
3000010014944;GAIA Cosmo Hotel;Yogyakarta;Rp 820.000;Hotels;08.09;3496;https://ik.imagekit.io/tvlk/apr-asset/dgXfoyh24ryQLRcGq00cIdKHRmotrWLNlvG-TxlcLxGkiDwaUSggleJNPRgIHCX6/hotel/asset/10014944-2048x1154-FIT_AND_TRIM-22af7e25f66dbfc51d578060561741d6.jpeg?tr=q-40
3000020005012;Artotel Yogyakarta;Yogyakarta;Rp 859.320;Hotels;08.08;3536;https://ik.imagekit.io/tvlk/apr-asset/dgXfoyh24ryQLRcGq00cIdKHRmotrWLNlvG-TxlcLxGkiDwaUSggleJNPRgIHCX6/hotel/asset/20005012-307cd2ea134c773120ac15fd48a80809.jpeg?tr=q-40
443756;Grand Tjokro Yogyakarta;Yogyakarta;Rp 802.620;Hotels;08.04;5370;https://ik.imagekit.io/tvlk/apr-asset/dgXfoyh24ryQLRcGq00cIdKHRmotrWLNlvG-TxlcLxGkiDwaUSggleJNPRgIHCX6/hotel/asset/10000714-9b3b4a3803367d293a9924ac2fab432e.jpeg?tr=q-40
478906;Grand Zuri Malioboro Yogyakarta;Yogyakarta;Rp 1.605.250;Hotels;08.06;5408;https://ik.imagekit.io/tvlk/apr-asset/dgXfoyh24ryQLRcGq00cIdKHRmotrWLNlvG-TxlcLxGkiDwaUSggleJNPRgIHCX6/hotel/asset/10001277-b2eec5c2ccfb5a9fc5da336951a6e13a.jpeg?tr=q-40
3000010023638;The Westlake Hotel Resort Yogyakarta;Yogyakarta;Rp 1.112.500;Hotels;08.09;4897;https://ik.imagekit.io/tvlk/apr-asset/dgXfoyh24ryQLRcGq00cIdKHRmotrWLNlvG-TxlcLxGkiDwaUSggleJNPRgIHCX6/hotel/asset/10023638-1024x682-FIT_AND_TRIM-adb31d9ad85d3a8aa07f9c1482fda03d.jpeg?tr=q-40
3000010007197;Harper Malioboro Yogyakarta by ASTON;Yogyakarta;Rp 1.950.400;Hotels;08.08;4664;https://ik.imagekit.io/tvlk/apr-asset/dgXfoyh24ryQLRcGq00cIdKHRmotrWLNlvG-TxlcLxGkiDwaUSggleJNPRgIHCX6/hotel/asset/10007197-0579877926cde0e74d71e21dc28ba3a7.jpeg?tr=q-40
3000020018300;Arte Hotel Malioboro Yogyakarta;Yogyakarta;Rp 760.000;Hotels;08.04;2637;https://ik.imagekit.io/tvlk/apr-asset/dgXfoyh24ryQLRcGq00cIdKHRmotrWLNlvG-TxlcLxGkiDwaUSggleJNPRgIHCX6/hotel/asset/20018300-d4e72a8c4e3c43cfa7bba290c46717cc.jpeg?tr=q-40
9000000687487;PORTA by The Ambarrukmo;Yogyakarta;Rp 950.000;Hotels;08.09;874;https://ik.imagekit.io/tvlk/apr-asset/dgXfoyh24ryQLRcGq00cIdKHRmotrWLNlvG-TxlcLxGkiDwaUSggleJNPRgIHCX6/hotel/asset/20034276-fd45f19176c908358b37ff84f204a59f.png?tr=q-40
3000010014429;Lafayette Boutique Hotel;Yogyakarta;Rp 2.469.050;Hotels;08.08;4784;https://ik.imagekit.io/tvlk/apr-asset/dgXfoyh24ryQLRcGq00cIdKHRmotrWLNlvG-TxlcLxGkiDwaUSggleJNPRgIHCX6/hotel/asset/10014429-844b41af86deb390cf02b32c8a5c69f2.jpeg?tr=q-40
239433;Whiz Hotel Malioboro Yogyakarta;Yogyakarta;Rp 1.125.000;Hotels;08.02;9239;https://ik.imagekit.io/tvlk/apr-asset/dgXfoyh24ryQLRcGq00cIdKHRmotrWLNlvG-TxlcLxGkiDwaUSggleJNPRgIHCX6/hotel/asset/10000397-1472x983-FIT_AND_TRIM-e17d285ca36aee6b3f569811aef278a9.jpeg?tr=q-40
9000000973889;KIMAYA Sudirman Yogyakarta By HARRIS;Yogyakarta;Rp 750.000;Hotels;08.06;241;https://ik.imagekit.io/tvlk/apr-asset/Ixf4aptF5N2Qdfmh4fGGYhTN274kJXuNMkUAzpL5HuD9jzSxIGG5kZNhhHY-p7nw/hotel/asset/67820789-13a0a158f5f07e43fe68f9723811019d.jpeg?tr=q-40
1000000643090;Grand Mercure Yogyakarta Adi Sucipto;Yogyakarta;Rp 1.173.000;Hotels;08.06;2076;https://ik.imagekit.io/tvlk/apr-asset/rvN7CENfvyT2YVqT-7R6UjRIibYDnsWI+-nAv8mJ7GI=/82014/photos/69538169_XL.jpg?tr=q-40
48681;The Jayakarta Yogyakarta Hotel Spa;Yogyakarta;Rp 1.062.500;Hotels;08.03;4689;https://ik.imagekit.io/tvlk/apr-asset/dgXfoyh24ryQLRcGq00cIdKHRmotrWLNlvG-TxlcLxGkiDwaUSggleJNPRgIHCX6/hotel/asset/10000801-209369c28198a55e34f80275f4294c0f.jpeg?tr=q-40
3000010002676;h Boutique Hotel Jogjakarta;Yogyakarta;Rp 750.792;Hotels;08.05;5853;https://ik.imagekit.io/tvlk/apr-asset/dgXfoyh24ryQLRcGq00cIdKHRmotrWLNlvG-TxlcLxGkiDwaUSggleJNPRgIHCX6/hotel/asset/10002676-4096x2731-FIT_AND_TRIM-2b9be60207639026d5c5d06618b6a570.jpeg?tr=q-40
3000020001130;Sheraton Mustika Yogyakarta Resort Spa;Yogyakarta;Rp 2.240.738;Hotels;08.05;2180;https://ik.imagekit.io/tvlk/apr-asset/dgXfoyh24ryQLRcGq00cIdKHRmotrWLNlvG-TxlcLxGkiDwaUSggleJNPRgIHCX6/hotel/asset/20001130-9b88cfd2e127363352f752054225a53b.jpeg?tr=q-40
564300;Cavinton Hotel Yogyakarta by Tritama Hospitality;Yogyakarta;Rp 1.710.110;Hotels;08.06;2098;https://ik.imagekit.io/tvlk/apr-asset/dgXfoyh24ryQLRcGq00cIdKHRmotrWLNlvG-TxlcLxGkiDwaUSggleJNPRgIHCX6/hotel/asset/10001367-1280x853-FIT_AND_TRIM-1f62f1408c1e7ae1904245ff0199d6c6.jpeg?tr=q-40
9000000927644;All Nite Day Hotel Yogyakarta - Gejayan;Yogyakarta;Rp 510.000;Hotels;08.04;888;https://ik.imagekit.io/tvlk/apr-asset/dgXfoyh24ryQLRcGq00cIdKHRmotrWLNlvG-TxlcLxGkiDwaUSggleJNPRgIHCX6/hotel/asset/20045376-b5745e2746ff05f3f1626cbaa43a00b1.jpeg?tr=q-40
9000000927698;Royal Malioboro by ASTON;Yogyakarta;Rp 1.944.000;Hotels;08.09;691;https://ik.imagekit.io/tvlk/apr-asset/dgXfoyh24ryQLRcGq00cIdKHRmotrWLNlvG-TxlcLxGkiDwaUSggleJNPRgIHCX6/hotel/asset/20034478-bf9fcb60220e7c8087865518a52f1258.jpeg?tr=q-40
1000001697872;Aveta Hotel Malioboro;Yogyakarta;Rp 1.396.500;Hotels;08.03;1120;https://ik.imagekit.io/tvlk/apr-asset/dgXfoyh24ryQLRcGq00cIdKHRmotrWLNlvG-TxlcLxGkiDwaUSggleJNPRgIHCX6/hotel/asset/20018167-8a5ad8c2be7c9293dd66f929fc4ef49d.jpeg?tr=q-40
3000020016568;Grand Senyum Hotel Tugu;Yogyakarta;Rp 1.580.000;Hotels;08.07;1525;https://ik.imagekit.io/tvlk/apr-asset/dgXfoyh24ryQLRcGq00cIdKHRmotrWLNlvG-TxlcLxGkiDwaUSggleJNPRgIHCX6/hotel/asset/20016568-c04f1ad59a1a752ae5324887d2f8a463.jpeg?tr=q-40
8424;ibis Yogyakarta Malioboro;Yogyakarta;Rp 1.599.999;Hotels;08.04;4286;https://ik.imagekit.io/tvlk/apr-asset/TzEv3ZUmG4-4Dz22hvmO9NUDzw1DGCIdWl4oPtKumOg=/hotels/1000000/530000/525000/524991/a6b46782_z.jpg?tr=q-40
281804;The Victoria Hotel Yogyakarta;Yogyakarta;Rp 1.080.000;Hotels;08.06;6667;https://ik.imagekit.io/tvlk/apr-asset/dgXfoyh24ryQLRcGq00cIdKHRmotrWLNlvG-TxlcLxGkiDwaUSggleJNPRgIHCX6/hotel/asset/10000839-1024x768-FIT_AND_TRIM-2444f4e9b24343acef2e1d4356da85c6.jpeg?tr=q-40
3000010040445;Grand Keisha Yogyakarta;Yogyakarta;Rp 810.000;Hotels;08.09;4620;https://ik.imagekit.io/tvlk/apr-asset/dgXfoyh24ryQLRcGq00cIdKHRmotrWLNlvG-TxlcLxGkiDwaUSggleJNPRgIHCX6/hotel/asset/10040445-399f763e63d7812e8e526b67785362c3.jpeg?tr=q-40
3000010008792;Grand Kangen Hotel Urip Sumoharjo Yogyakarta;Yogyakarta;Rp 934.999;Hotels;08.05;8982;https://ik.imagekit.io/tvlk/apr-asset/dgXfoyh24ryQLRcGq00cIdKHRmotrWLNlvG-TxlcLxGkiDwaUSggleJNPRgIHCX6/hotel/asset/10008792-c829c5581c74f97a22e557ccb8600bb0.jpeg?tr=q-40
2000000098697;Grage Jogja Malioboro;Yogyakarta;Rp 1.124.999;Hotels;08.05;3586;https://ik.imagekit.io/tvlk/apr-asset/dgXfoyh24ryQLRcGq00cIdKHRmotrWLNlvG-TxlcLxGkiDwaUSggleJNPRgIHCX6/hotel/asset/10001041-0e4c39e4d7faf534edc040352b161dd0.jpeg?tr=q-40
9000000974039;ARTOTEL Suites Bianti - Yogyakarta;Yogyakarta;Rp 1.170.000;Hotels;08.06;98;https://ik.imagekit.io/tvlk/apr-asset/dgXfoyh24ryQLRcGq00cIdKHRmotrWLNlvG-TxlcLxGkiDwaUSggleJNPRgIHCX6/hotel/asset/20054445-45eab600f7abbae38fcedb283c81b80a.jpeg?tr=q-40
3000020018502;PULANG ke UTTARA;Yogyakarta;Rp 765.000;Apartments;08.07;1061;https://ik.imagekit.io/tvlk/apr-asset/dgXfoyh24ryQLRcGq00cIdKHRmotrWLNlvG-TxlcLxGkiDwaUSggleJNPRgIHCX6/hotel/asset/67747427-1100x900-FIT_AND_TRIM-7e95f1837e6f28893ae06c810f5327dd.jpeg?tr=q-40
3000010016184;Swiss-Belboutique Yogyakarta;Yogyakarta;Rp 1.300.000;Hotels;09.00;2017;https://ik.imagekit.io/tvlk/apr-asset/dgXfoyh24ryQLRcGq00cIdKHRmotrWLNlvG-TxlcLxGkiDwaUSggleJNPRgIHCX6/hotel/asset/10016184-db26105283347c5772da9f54bcb3cc0b.jpeg?tr=q-40
3000010001202;Merapi Merbabu Hotels Resort Yogyakarta;Yogyakarta;Rp 645.999;Hotels;08.02;3437;https://ik.imagekit.io/tvlk/apr-asset/dgXfoyh24ryQLRcGq00cIdKHRmotrWLNlvG-TxlcLxGkiDwaUSggleJNPRgIHCX6/hotel/asset/10001202-deeb6d62cf311e2a65e270dd4c8b2cda.jpeg?tr=q-40
9000000928841;Grand Rohan Jogja;Yogyakarta;Rp 665.100;Hotels;08.06;280;https://ik.imagekit.io/tvlk/apr-asset/dgXfoyh24ryQLRcGq00cIdKHRmotrWLNlvG-TxlcLxGkiDwaUSggleJNPRgIHCX6/hotel/asset/20046605-27a13e9a75c8fa5953c84e19fc326329.jpeg?tr=q-40
3000010010577;Amaris Hotel Malioboro - Jogja;Yogyakarta;Rp 725.000;Hotels;08.06;6605;https://ik.imagekit.io/tvlk/apr-asset/dgXfoyh24ryQLRcGq00cIdKHRmotrWLNlvG-TxlcLxGkiDwaUSggleJNPRgIHCX6/hotel/asset/10010577-44b26f0fe8e8f833c9c9d4117bd919d6.jpeg?tr=q-40
3000010023653;Platinum Adisucipto Yogyakarta Hotel Conference;Yogyakarta;Rp 583.200;Hotels;08.08;3963;https://ik.imagekit.io/tvlk/apr-asset/dgXfoyh24ryQLRcGq00cIdKHRmotrWLNlvG-TxlcLxGkiDwaUSggleJNPRgIHCX6/hotel/asset/10023653-930ed9a9941150e4a2f6d01cafed1d7b.jpeg?tr=q-40
1000000572520;KHAS Malioboro Hotel;Yogyakarta;Rp 1.706.068;Hotels;08.06;3470;https://ik.imagekit.io/tvlk/apr-asset/dgXfoyh24ryQLRcGq00cIdKHRmotrWLNlvG-TxlcLxGkiDwaUSggleJNPRgIHCX6/hotel/asset/10018409-97ee1a13316f2bb5646003f05df9c136.jpeg?tr=q-40
10335;Grand Mirage Resort Thalasso Bali;Bali;Rp 2.398.115;Resorts;08.05;439;https://ik.imagekit.io/tvlk/apr-asset/dgXfoyh24ryQLRcGq00cIdKHRmotrWLNlvG-TxlcLxGkiDwaUSggleJNPRgIHCX6/hotel/asset/10002072-2048x1536-FIT_AND_TRIM-f884fd3b753254785472b49a09a02b0a.jpeg?tr=q-40
9000000134730;Brits Hotel Legian;Bali;Rp 635.375;Hotels;08.05;856;https://ik.imagekit.io/tvlk/apr-asset/dgXfoyh24ryQLRcGq00cIdKHRmotrWLNlvG-TxlcLxGkiDwaUSggleJNPRgIHCX6/hotel/asset/20024643-249b3ca9a2aa07fe12294c4dc0bfd02a.jpeg?tr=q-40
291134;HARRIS Hotel Residences Sunset Road;Bali;Rp 516.600;Hotels;08.05;2226;https://ik.imagekit.io/tvlk/apr-asset/dgXfoyh24ryQLRcGq00cIdKHRmotrWLNlvG-TxlcLxGkiDwaUSggleJNPRgIHCX6/hotel/asset/10002767-2304x1536-FIT_AND_TRIM-eac59338ad2e6e1305d9156e3908e74a.jpeg?tr=q-40
3000020015863;Lloyd's Inn Bali;Bali;Rp 889.200;Hotels;08.06;1163;https://ik.imagekit.io/tvlk/apr-asset/dgXfoyh24ryQLRcGq00cIdKHRmotrWLNlvG-TxlcLxGkiDwaUSggleJNPRgIHCX6/hotel/asset/20015863-e583a67db131c71537a0623cce93b597.jpeg?tr=q-40
1251;Prime Plaza Hotel Sanur ñ Bali;Bali;Rp 787.968;Resorts;08.05;1220;https://ik.imagekit.io/tvlk/apr-asset/dgXfoyh24ryQLRcGq00cIdKHRmotrWLNlvG-TxlcLxGkiDwaUSggleJNPRgIHCX6/hotel/asset/10000547-aa5f39e90c1bf824fa75fd51de4d13f8.jpeg?tr=q-40
1000000524503;Padma Resort Ubud;Bali;Rp 5.880.000;Resorts;09.01;953;https://ik.imagekit.io/tvlk/apr-asset/dgXfoyh24ryQLRcGq00cIdKHRmotrWLNlvG-TxlcLxGkiDwaUSggleJNPRgIHCX6/hotel/asset/10033211-ca55ae0256eb0d170b9dece223c8b71a.jpeg?tr=q-40
65538;The Patra Bali Resort Villas;Bali;Rp 1.776.180;Resorts;08.08;702;https://ik.imagekit.io/tvlk/apr-asset/dgXfoyh24ryQLRcGq00cIdKHRmotrWLNlvG-TxlcLxGkiDwaUSggleJNPRgIHCX6/hotel/asset/10001457-40fa3a4085a4938316128d613a7df561.jpeg?tr=q-40
400056;Marriott's Autograph Collection The Stones Hotel Bali;Bali;Rp 2.591.989;Resorts;08.08;591;https://ik.imagekit.io/tvlk/apr-asset/dgXfoyh24ryQLRcGq00cIdKHRmotrWLNlvG-TxlcLxGkiDwaUSggleJNPRgIHCX6/hotel/asset/10021723-2560x1555-FIT_AND_TRIM-ae7a2e4d85b25a9adc2bd4c03974245f.jpeg?tr=q-40
400336;Horison Seminyak;Bali;Rp 676.800;Hotels;08.04;3279;https://ik.imagekit.io/tvlk/apr-asset/dgXfoyh24ryQLRcGq00cIdKHRmotrWLNlvG-TxlcLxGkiDwaUSggleJNPRgIHCX6/hotel/asset/10002197-720x1081-FIT_AND_TRIM-7d4031cda21b990b33b80e24e1be3247.jpeg?tr=q-40
3000020007139;Episode Kuta Bali;Bali;Rp 643.500;Hotels;08.05;1432;https://ik.imagekit.io/tvlk/apr-asset/dgXfoyh24ryQLRcGq00cIdKHRmotrWLNlvG-TxlcLxGkiDwaUSggleJNPRgIHCX6/hotel/asset/20007139-45641a40235ada19a44df291b7bface6.jpeg?tr=q-40
109883;The Haven Bali Seminyak;Bali;Rp 899.000;Resorts;08.05;1118;https://ik.imagekit.io/tvlk/apr-asset/dgXfoyh24ryQLRcGq00cIdKHRmotrWLNlvG-TxlcLxGkiDwaUSggleJNPRgIHCX6/hotel/asset/10003141-2035x1170-FIT_AND_TRIM-18d9f79e97b3673beeec65a6d2a183b1.jpeg?tr=q-40
9000000822112;Andaz Bali - a concept by Hyatt;Bali;Rp 4.933.202;Resorts;09.01;36;https://ik.imagekit.io/tvlk/apr-asset/dgXfoyh24ryQLRcGq00cIdKHRmotrWLNlvG-TxlcLxGkiDwaUSggleJNPRgIHCX6/hotel/asset/20039653-2ca6f66905139c91f7402c55b98b1063.jpeg?tr=q-40
176849;ASTON Denpasar Hotel Convention Center;Bali;Rp 596.700;Hotels;08.03;2393;https://ik.imagekit.io/tvlk/apr-asset/dgXfoyh24ryQLRcGq00cIdKHRmotrWLNlvG-TxlcLxGkiDwaUSggleJNPRgIHCX6/hotel/asset/10006965-5fb76d027e228ecaaa7617ca6ed21e6a.png?tr=q-40
3000020003573;Aryaduta Bali;Bali;Rp 1.408.000;Hotels;08.07;532;https://ik.imagekit.io/tvlk/apr-asset/dgXfoyh24ryQLRcGq00cIdKHRmotrWLNlvG-TxlcLxGkiDwaUSggleJNPRgIHCX6/hotel/asset/20003573-32d8e5f587bea289173e451c878ca2c2.jpeg?tr=q-40
9000000970749;Kamaniiya Petitenget Seminyak;Bali;Rp 324.000;Hotels;08.08;710;https://ik.imagekit.io/tvlk/apr-asset/Ixf4aptF5N2Qdfmh4fGGYhTN274kJXuNMkUAzpL5HuD9jzSxIGG5kZNhhHY-p7nw/hotel/asset/67816138-3d080e8479f08a81c4b461455ce5b4f7.jpeg?tr=q-40
248405;The ONE Legian;Bali;Rp 632.813;Hotels;08.05;7486;https://ik.imagekit.io/tvlk/apr-asset/dgXfoyh24ryQLRcGq00cIdKHRmotrWLNlvG-TxlcLxGkiDwaUSggleJNPRgIHCX6/hotel/asset/10002578-211edc66f600c3194cf3200718644b0d.jpeg?tr=q-40
409115;Atanaya Kuta Bali;Bali;Rp 867.328;Hotels;08.06;13450;https://ik.imagekit.io/tvlk/apr-asset/dgXfoyh24ryQLRcGq00cIdKHRmotrWLNlvG-TxlcLxGkiDwaUSggleJNPRgIHCX6/hotel/asset/10000756-209e2b7c9702b036cd1be002eb73bede.jpeg?tr=q-40
3000010000329;MERUSAKA Nusa Dua;Bali;Rp 3.644.550;Resorts;08.09;2401;https://ik.imagekit.io/tvlk/apr-asset/dgXfoyh24ryQLRcGq00cIdKHRmotrWLNlvG-TxlcLxGkiDwaUSggleJNPRgIHCX6/hotel/asset/10000329-fc597211373fcc8eeb03ba05d864cde1.jpeg?tr=q-40
3000010001654;Golden Tulip Jineng Resort Bali;Bali;Rp 842.400;Resorts;08.05;2318;https://ik.imagekit.io/tvlk/apr-asset/dgXfoyh24ryQLRcGq00cIdKHRmotrWLNlvG-TxlcLxGkiDwaUSggleJNPRgIHCX6/hotel/asset/10001654-e4c10c890b52f7017e2b38dd7f767892.jpeg?tr=q-40
8650;Hard Rock Hotel Bali;Bali;Rp 14.442.185;Hotels;08.08;1277;https://ik.imagekit.io/tvlk/apr-asset/TzEv3ZUmG4-4Dz22hvmO9NUDzw1DGCIdWl4oPtKumOg=/hotels/1000000/530000/526600/526559/6dd1658d_z.jpg?tr=q-40
10335;Grand Mirage Resort Thalasso Bali;Bali;Rp 2.398.115;Resorts;08.05;439;https://ik.imagekit.io/tvlk/apr-asset/dgXfoyh24ryQLRcGq00cIdKHRmotrWLNlvG-TxlcLxGkiDwaUSggleJNPRgIHCX6/hotel/asset/10002072-2048x1536-FIT_AND_TRIM-f884fd3b753254785472b49a09a02b0a.jpeg?tr=q-40
9000000134730;Brits Hotel Legian;Bali;Rp 635.375;Hotels;08.05;856;https://ik.imagekit.io/tvlk/apr-asset/dgXfoyh24ryQLRcGq00cIdKHRmotrWLNlvG-TxlcLxGkiDwaUSggleJNPRgIHCX6/hotel/asset/20024643-249b3ca9a2aa07fe12294c4dc0bfd02a.jpeg?tr=q-40
291134;HARRIS Hotel Residences Sunset Road;Bali;Rp 516.600;Hotels;08.05;2226;https://ik.imagekit.io/tvlk/apr-asset/dgXfoyh24ryQLRcGq00cIdKHRmotrWLNlvG-TxlcLxGkiDwaUSggleJNPRgIHCX6/hotel/asset/10002767-2304x1536-FIT_AND_TRIM-eac59338ad2e6e1305d9156e3908e74a.jpeg?tr=q-40
3000020015863;Lloyd's Inn Bali;Bali;Rp 889.200;Hotels;08.06;1163;https://ik.imagekit.io/tvlk/apr-asset/dgXfoyh24ryQLRcGq00cIdKHRmotrWLNlvG-TxlcLxGkiDwaUSggleJNPRgIHCX6/hotel/asset/20015863-e583a67db131c71537a0623cce93b597.jpeg?tr=q-40
1251;Prime Plaza Hotel Sanur ñ Bali;Bali;Rp 787.968;Resorts;08.05;1220;https://ik.imagekit.io/tvlk/apr-asset/dgXfoyh24ryQLRcGq00cIdKHRmotrWLNlvG-TxlcLxGkiDwaUSggleJNPRgIHCX6/hotel/asset/10000547-aa5f39e90c1bf824fa75fd51de4d13f8.jpeg?tr=q-40
1000000524503;Padma Resort Ubud;Bali;Rp 5.880.000;Resorts;09.01;953;https://ik.imagekit.io/tvlk/apr-asset/dgXfoyh24ryQLRcGq00cIdKHRmotrWLNlvG-TxlcLxGkiDwaUSggleJNPRgIHCX6/hotel/asset/10033211-ca55ae0256eb0d170b9dece223c8b71a.jpeg?tr=q-40
65538;The Patra Bali Resort Villas;Bali;Rp 1.776.180;Resorts;08.08;702;https://ik.imagekit.io/tvlk/apr-asset/dgXfoyh24ryQLRcGq00cIdKHRmotrWLNlvG-TxlcLxGkiDwaUSggleJNPRgIHCX6/hotel/asset/10001457-40fa3a4085a4938316128d613a7df561.jpeg?tr=q-40
400056;Marriott's Autograph Collection The Stones Hotel Bali;Bali;Rp 2.591.989;Resorts;08.08;591;https://ik.imagekit.io/tvlk/apr-asset/dgXfoyh24ryQLRcGq00cIdKHRmotrWLNlvG-TxlcLxGkiDwaUSggleJNPRgIHCX6/hotel/asset/10021723-2560x1555-FIT_AND_TRIM-ae7a2e4d85b25a9adc2bd4c03974245f.jpeg?tr=q-40
400336;Horison Seminyak;Bali;Rp 676.800;Hotels;08.04;3279;https://ik.imagekit.io/tvlk/apr-asset/dgXfoyh24ryQLRcGq00cIdKHRmotrWLNlvG-TxlcLxGkiDwaUSggleJNPRgIHCX6/hotel/asset/10002197-720x1081-FIT_AND_TRIM-7d4031cda21b990b33b80e24e1be3247.jpeg?tr=q-40
3000020007139;Episode Kuta Bali;Bali;Rp 643.500;Hotels;08.05;1432;https://ik.imagekit.io/tvlk/apr-asset/dgXfoyh24ryQLRcGq00cIdKHRmotrWLNlvG-TxlcLxGkiDwaUSggleJNPRgIHCX6/hotel/asset/20007139-45641a40235ada19a44df291b7bface6.jpeg?tr=q-40
109883;The Haven Bali Seminyak;Bali;Rp 899.000;Resorts;08.05;1118;https://ik.imagekit.io/tvlk/apr-asset/dgXfoyh24ryQLRcGq00cIdKHRmotrWLNlvG-TxlcLxGkiDwaUSggleJNPRgIHCX6/hotel/asset/10003141-2035x1170-FIT_AND_TRIM-18d9f79e97b3673beeec65a6d2a183b1.jpeg?tr=q-40
9000000822112;Andaz Bali - a concept by Hyatt;Bali;Rp 4.933.202;Resorts;09.01;36;https://ik.imagekit.io/tvlk/apr-asset/dgXfoyh24ryQLRcGq00cIdKHRmotrWLNlvG-TxlcLxGkiDwaUSggleJNPRgIHCX6/hotel/asset/20039653-2ca6f66905139c91f7402c55b98b1063.jpeg?tr=q-40
176849;ASTON Denpasar Hotel Convention Center;Bali;Rp 596.700;Hotels;08.03;2393;https://ik.imagekit.io/tvlk/apr-asset/dgXfoyh24ryQLRcGq00cIdKHRmotrWLNlvG-TxlcLxGkiDwaUSggleJNPRgIHCX6/hotel/asset/10006965-5fb76d027e228ecaaa7617ca6ed21e6a.png?tr=q-40
3000020003573;Aryaduta Bali;Bali;Rp 1.408.000;Hotels;08.07;532;https://ik.imagekit.io/tvlk/apr-asset/dgXfoyh24ryQLRcGq00cIdKHRmotrWLNlvG-TxlcLxGkiDwaUSggleJNPRgIHCX6/hotel/asset/20003573-32d8e5f587bea289173e451c878ca2c2.jpeg?tr=q-40
9000000970749;Kamaniiya Petitenget Seminyak;Bali;Rp 324.000;Hotels;08.08;710;https://ik.imagekit.io/tvlk/apr-asset/Ixf4aptF5N2Qdfmh4fGGYhTN274kJXuNMkUAzpL5HuD9jzSxIGG5kZNhhHY-p7nw/hotel/asset/67816138-3d080e8479f08a81c4b461455ce5b4f7.jpeg?tr=q-40
248405;The ONE Legian;Bali;Rp 632.813;Hotels;08.05;7486;https://ik.imagekit.io/tvlk/apr-asset/dgXfoyh24ryQLRcGq00cIdKHRmotrWLNlvG-TxlcLxGkiDwaUSggleJNPRgIHCX6/hotel/asset/10002578-211edc66f600c3194cf3200718644b0d.jpeg?tr=q-40
409115;Atanaya Kuta Bali;Bali;Rp 867.328;Hotels;08.06;13450;https://ik.imagekit.io/tvlk/apr-asset/dgXfoyh24ryQLRcGq00cIdKHRmotrWLNlvG-TxlcLxGkiDwaUSggleJNPRgIHCX6/hotel/asset/10000756-209e2b7c9702b036cd1be002eb73bede.jpeg?tr=q-40
3000010000329;MERUSAKA Nusa Dua;Bali;Rp 3.644.550;Resorts;08.09;2401;https://ik.imagekit.io/tvlk/apr-asset/dgXfoyh24ryQLRcGq00cIdKHRmotrWLNlvG-TxlcLxGkiDwaUSggleJNPRgIHCX6/hotel/asset/10000329-fc597211373fcc8eeb03ba05d864cde1.jpeg?tr=q-40
3000010001654;Golden Tulip Jineng Resort Bali;Bali;Rp 842.400;Resorts;08.05;2318;https://ik.imagekit.io/tvlk/apr-asset/dgXfoyh24ryQLRcGq00cIdKHRmotrWLNlvG-TxlcLxGkiDwaUSggleJNPRgIHCX6/hotel/asset/10001654-e4c10c890b52f7017e2b38dd7f767892.jpeg?tr=q-40
8650;Hard Rock Hotel Bali;Bali;Rp 14.442.185;Hotels;08.08;1277;https://ik.imagekit.io/tvlk/apr-asset/TzEv3ZUmG4-4Dz22hvmO9NUDzw1DGCIdWl4oPtKumOg=/hotels/1000000/530000/526600/526559/6dd1658d_z.jpg?tr=q-40
489548;Harper Kuta by ASTON;Bali;Rp 870.602;Hotels;08.05;2947;https://ik.imagekit.io/tvlk/apr-asset/dgXfoyh24ryQLRcGq00cIdKHRmotrWLNlvG-TxlcLxGkiDwaUSggleJNPRgIHCX6/hotel/asset/10007014-fd0f95e8829d6a9630c9b4c23be80d61.jpeg?tr=q-40
1000000468579;Hotel Neo Denpasar by ASTON;Bali;Rp 360.450;Hotels;08.03;1609;https://ik.imagekit.io/tvlk/apr-asset/dgXfoyh24ryQLRcGq00cIdKHRmotrWLNlvG-TxlcLxGkiDwaUSggleJNPRgIHCX6/hotel/asset/10006922-e33f983ce234b8e186572d43481236cc.jpeg?tr=q-40
479155;The Sakala Resort Bali - All Suites;Bali;Rp 2.453.400;Resorts;08.05;813;https://ik.imagekit.io/tvlk/apr-asset/dgXfoyh24ryQLRcGq00cIdKHRmotrWLNlvG-TxlcLxGkiDwaUSggleJNPRgIHCX6/hotel/asset/10000150-878df199e4ab4f259bf9d1b9f4d0e7e3.jpeg?tr=q-40
3000020017085;Kanvaz Village Resort Seminyak;Bali;Rp 2.283.951;Hotels;08.08;172;https://ik.imagekit.io/tvlk/apr-asset/dgXfoyh24ryQLRcGq00cIdKHRmotrWLNlvG-TxlcLxGkiDwaUSggleJNPRgIHCX6/hotel/asset/20017085-42de803d12376f5f7f09b0d94ed05df5.jpeg?tr=q-40
544328;Sofitel Bali Nusa Dua Beach Resort;Bali;Rp 2.729.999;Hotels;08.06;646;https://ik.imagekit.io/tvlk/apr-asset/dgXfoyh24ryQLRcGq00cIdKHRmotrWLNlvG-TxlcLxGkiDwaUSggleJNPRgIHCX6/hotel/asset/67766057-c1bb6e1a127989ad694a9a64d0f41547.jpeg?tr=q-40
3000020015865;Daun Lebar Villas;Bali;Rp 2.520.000;Villas;08.07;178;https://ik.imagekit.io/tvlk/apr-asset/dgXfoyh24ryQLRcGq00cIdKHRmotrWLNlvG-TxlcLxGkiDwaUSggleJNPRgIHCX6/hotel/asset/20015865-bf66aa1c20352ed140c941e005b02114.jpeg?tr=q-40
46159100000;Hilton Garden Inn Bali Ngurah Rai Airport;Bali;Rp 690.000;Hotels;08.05;1102;https://ik.imagekit.io/tvlk/apr-asset/dgXfoyh24ryQLRcGq00cIdKHRmotrWLNlvG-TxlcLxGkiDwaUSggleJNPRgIHCX6/hotel/asset/20036929-43aa8d51b2c52de62fae84ceca68fca8.jpeg?tr=q-40
3000010008645;Alila Seminyak;Bali;Rp 5.491.656;Resorts;08.09;268;https://ik.imagekit.io/tvlk/apr-asset/dgXfoyh24ryQLRcGq00cIdKHRmotrWLNlvG-TxlcLxGkiDwaUSggleJNPRgIHCX6/hotel/asset/10008645-1152x768-FIT_AND_TRIM-fd88d7a6cb1233729343843a9da5e4a6.jpeg?tr=q-40
9000000670147;Mˆvenpick Resort Spa Jimbaran Bali;Bali;Rp 2.504.700;Resorts;08.08;830;https://ik.imagekit.io/tvlk/apr-asset/dgXfoyh24ryQLRcGq00cIdKHRmotrWLNlvG-TxlcLxGkiDwaUSggleJNPRgIHCX6/hotel/asset/20036509-75b238f0473f6dff808b3117a86c40ee.jpeg?tr=q-40
3000010028449;Jambuluwuk Oceano Seminyak Hotel;Bali;Rp 992.275;Hotels;08.05;1118;https://ik.imagekit.io/tvlk/apr-asset/dgXfoyh24ryQLRcGq00cIdKHRmotrWLNlvG-TxlcLxGkiDwaUSggleJNPRgIHCX6/hotel/asset/10028449-ae04e5bb051bc0e8598bf47f6de24faa.jpeg?tr=q-40
1000000471401;The Ritz-Carlton Bali;Bali;Rp 6.594.500;Hotels;08.08;315;https://ik.imagekit.io/tvlk/apr-asset/dgXfoyh24ryQLRcGq00cIdKHRmotrWLNlvG-TxlcLxGkiDwaUSggleJNPRgIHCX6/hotel/asset/10010314-0d1ed185b7cb0c806ad359e7fe0a9e05.jpeg?tr=q-40
10344;Kuta Paradiso Hotel;Bali;Rp 979.999;Hotels;08.04;1790;https://ik.imagekit.io/tvlk/apr-asset/dgXfoyh24ryQLRcGq00cIdKHRmotrWLNlvG-TxlcLxGkiDwaUSggleJNPRgIHCX6/hotel/asset/10000930-1024x768-FIT_AND_TRIM-9b62c0350a6c2f2895c13985165cf362.jpeg?tr=q-40
251637;Courtyard by Marriott Bali Nusa Dua Resort;Bali;Rp 2.604.101;Resorts;08.06;889;https://ik.imagekit.io/tvlk/apr-asset/dgXfoyh24ryQLRcGq00cIdKHRmotrWLNlvG-TxlcLxGkiDwaUSggleJNPRgIHCX6/hotel/asset/10001896-2a575292318daac4a3b68dd3273a3e93.jpeg?tr=q-40
407502;Sheraton Bali Kuta Resort;Bali;Rp 4.658.500;Hotels;08.08;843;https://ik.imagekit.io/tvlk/apr-asset/dgXfoyh24ryQLRcGq00cIdKHRmotrWLNlvG-TxlcLxGkiDwaUSggleJNPRgIHCX6/hotel/asset/20044016-df2709638cc3f84fb2953e99683faf50.jpeg?tr=q-40
3000010036106;ASTON Canggu Beach Resort;Bali;Rp 2.272.305;Hotels;08.05;421;https://ik.imagekit.io/tvlk/apr-asset/dgXfoyh24ryQLRcGq00cIdKHRmotrWLNlvG-TxlcLxGkiDwaUSggleJNPRgIHCX6/hotel/asset/10036106-4d0a940faf1cd8fb0eb1a4a705159b8b.jpeg?tr=q-40
21356000000;Melia Bali;Bali;Rp 4.531.862;Resorts;08.09;403;https://ik.imagekit.io/tvlk/apr-asset/dgXfoyh24ryQLRcGq00cIdKHRmotrWLNlvG-TxlcLxGkiDwaUSggleJNPRgIHCX6/hotel/asset/10011743-e72960e826b627a4bff79047b48d2205.jpeg?tr=q-40
624034;Courtyard by Marriott Bali Seminyak Resort;Bali;Rp 4.118.114;Resorts;09.00;542;https://ik.imagekit.io/tvlk/apr-asset/dgXfoyh24ryQLRcGq00cIdKHRmotrWLNlvG-TxlcLxGkiDwaUSggleJNPRgIHCX6/hotel/asset/10020944-3422x2282-FIT_AND_TRIM-995e62f273c3e164c5cd582d6a0a80e1.jpeg?tr=q-40
5354;Prama Sanur Beach Bali;Bali;Rp 5.136.750;Hotels;08.05;398;https://ik.imagekit.io/tvlk/apr-asset/dgXfoyh24ryQLRcGq00cIdKHRmotrWLNlvG-TxlcLxGkiDwaUSggleJNPRgIHCX6/hotel/asset/10001534-1000x751-FIT_AND_TRIM-a089d671cace9f9a61f872f0fcccc9b3.jpeg?tr=q-40
9000000971405;The Langham Jakarta;Jakarta;Rp 7.683.500;Hotels;08.08;227;https://ik.imagekit.io/tvlk/apr-asset/dgXfoyh24ryQLRcGq00cIdKHRmotrWLNlvG-TxlcLxGkiDwaUSggleJNPRgIHCX6/hotel/asset/20052530-6ec94a2936b1dee2212d9f5bf63359b9.jpeg?tr=q-40
182137;Merlynn Park Hotel;Jakarta;Rp 779.713;Hotels;08.06;18871;https://ik.imagekit.io/tvlk/apr-asset/dgXfoyh24ryQLRcGq00cIdKHRmotrWLNlvG-TxlcLxGkiDwaUSggleJNPRgIHCX6/hotel/asset/10000019-67e107d5da4603ff4c26405d8fb78713.jpeg?tr=q-40
4755;Hotel Mulia Senayan Jakarta;Jakarta;Rp 2.904.000;Hotels;08.07;1418;https://ik.imagekit.io/tvlk/apr-asset/dgXfoyh24ryQLRcGq00cIdKHRmotrWLNlvG-TxlcLxGkiDwaUSggleJNPRgIHCX6/hotel/asset/10004732-1eb7a277cb139780a6ca71ffdb4c9175.jpeg?tr=q-40
72900;Manhattan Hotel;Jakarta;Rp 1.390.500;Hotels;08.02;8352;https://ik.imagekit.io/tvlk/apr-asset/dgXfoyh24ryQLRcGq00cIdKHRmotrWLNlvG-TxlcLxGkiDwaUSggleJNPRgIHCX6/hotel/asset/10000018-811bd69ee591f045b71e16b563d1f9d7.jpeg?tr=q-40
8126;Hotel Ciputra Jakarta managed by Swiss-Belhotel International;Jakarta;Rp 1.140.000;Hotels;08.05;8907;https://ik.imagekit.io/tvlk/apr-asset/dgXfoyh24ryQLRcGq00cIdKHRmotrWLNlvG-TxlcLxGkiDwaUSggleJNPRgIHCX6/hotel/asset/10004233-3d257723b3a4d2ffa69cc922d8e4f529.jpeg?tr=q-40
3000010007126;ASTON Priority Simatupang Conference Center;Jakarta;Rp 868.780;Hotels;08.06;7016;https://ik.imagekit.io/tvlk/apr-asset/dgXfoyh24ryQLRcGq00cIdKHRmotrWLNlvG-TxlcLxGkiDwaUSggleJNPRgIHCX6/hotel/asset/10007126-cd63f9f8879bf353511570caf85dabd9.jpeg?tr=q-40
3000020014445;Ascott Sudirman Jakarta;Jakarta;Rp 2.286.600;Apartments;08.06;2115;https://ik.imagekit.io/tvlk/apr-asset/dgXfoyh24ryQLRcGq00cIdKHRmotrWLNlvG-TxlcLxGkiDwaUSggleJNPRgIHCX6/hotel/asset/20014445-7aa194ab87a9a6b177d56806aaa49e5c.jpeg?tr=q-40
108582;Ascott Jakarta;Jakarta;Rp 2.286.600;Apartments;08.07;3482;https://ik.imagekit.io/tvlk/apr-asset/dgXfoyh24ryQLRcGq00cIdKHRmotrWLNlvG-TxlcLxGkiDwaUSggleJNPRgIHCX6/hotel/asset/10010619-a54b709d6a452b9dd805091034d51090.jpeg?tr=q-40
3000020007376;Yuan Garden Pasar Baru;Jakarta;Rp 530.000;Hotels;08.06;2823;https://ik.imagekit.io/tvlk/apr-asset/dgXfoyh24ryQLRcGq00cIdKHRmotrWLNlvG-TxlcLxGkiDwaUSggleJNPRgIHCX6/hotel/asset/20007376-4505f4e55cb38235f1b0296dc05c16ec.jpeg?tr=q-40
1000000476765;Best Western Premier The Hive;Jakarta;Rp 720.000;Hotels;08.04;10755;https://ik.imagekit.io/tvlk/apr-asset/dgXfoyh24ryQLRcGq00cIdKHRmotrWLNlvG-TxlcLxGkiDwaUSggleJNPRgIHCX6/hotel/asset/10000317-1023x1375-FIT_AND_TRIM-7bd5789e0305b9d629577caf03df8bcc.jpeg?tr=q-40
4000000956122;InterContinental Hotels JAKARTA PONDOK INDAH;Jakarta;Rp 17.580.000;Hotels;08.09;1353;https://ik.imagekit.io/tvlk/apr-asset/r325MvEp4gIyN56L3g2bGQB6I8gh2Ta0Np7nAAxGQ7RHPPekSgfL2UoKQ4Kzwub3/imageRepo/7/0/124/947/124/JKTPI_6361103217_P.jpg?tr=q-40
546236;DoubleTree by Hilton Jakarta - Diponegoro;Jakarta;Rp 2.165.905;Hotels;08.08;3156;https://ik.imagekit.io/tvlk/apr-asset/dgXfoyh24ryQLRcGq00cIdKHRmotrWLNlvG-TxlcLxGkiDwaUSggleJNPRgIHCX6/hotel/asset/10024320-9559695a606b1c97649ce81ff17617bc.jpeg?tr=q-40
568889;The Grove Suites by GRAND ASTON;Jakarta;Rp 1.261.062;Hotels;08.07;2746;https://ik.imagekit.io/tvlk/apr-asset/dgXfoyh24ryQLRcGq00cIdKHRmotrWLNlvG-TxlcLxGkiDwaUSggleJNPRgIHCX6/hotel/asset/10007122-367265995ebc0b1bf5898b25a9d47432.jpeg?tr=q-40
182170;HARRIS Hotel Convention Kelapa Gading;Jakarta;Rp 958.000;Hotels;08.06;4323;https://ik.imagekit.io/tvlk/apr-asset/dgXfoyh24ryQLRcGq00cIdKHRmotrWLNlvG-TxlcLxGkiDwaUSggleJNPRgIHCX6/hotel/asset/10002907-3c4adbf4f304abc3b545e867fc4a62ae.jpeg?tr=q-40
9000000095216;Mercure Jakarta Gatot Subroto - CHSE Certified;Jakarta;Rp 851.598;Hotels;08.05;1622;https://ik.imagekit.io/tvlk/apr-asset/TzEv3ZUmG4-4Dz22hvmO9NUDzw1DGCIdWl4oPtKumOg=/hotels/36000000/35520000/35517200/35517154/1657bd84_z.jpg?tr=q-40
3000010028057;Ashley Wahid Hasyim Jakarta;Jakarta;Rp 1.100.888;Hotels;08.07;8378;https://ik.imagekit.io/tvlk/apr-asset/dgXfoyh24ryQLRcGq00cIdKHRmotrWLNlvG-TxlcLxGkiDwaUSggleJNPRgIHCX6/hotel/asset/10028057-2102bab2a88094fe084d716d937d0e30.png?tr=q-40
3000020014186;Grand Hyatt Jakarta;Jakarta;Rp 4.420.433;Hotels;08.07;2005;https://ik.imagekit.io/tvlk/apr-asset/dgXfoyh24ryQLRcGq00cIdKHRmotrWLNlvG-TxlcLxGkiDwaUSggleJNPRgIHCX6/hotel/asset/20014186-b37d0d7476ed59d04c901ecd85ba31df.jpeg?tr=q-40
461846;Mandarin Oriental Jakarta;Jakarta;Rp 4.346.320;Hotels;09.00;1078;https://ik.imagekit.io/tvlk/apr-asset/dgXfoyh24ryQLRcGq00cIdKHRmotrWLNlvG-TxlcLxGkiDwaUSggleJNPRgIHCX6/hotel/asset/20033803-5d381ea0d5a04cdd430ddec73a9c8459.jpeg?tr=q-40
9000000883262;HARRIS Suites Puri Mansion;Jakarta;Rp 628.000;Hotels;08.04;1075;https://ik.imagekit.io/tvlk/apr-asset/dgXfoyh24ryQLRcGq00cIdKHRmotrWLNlvG-TxlcLxGkiDwaUSggleJNPRgIHCX6/hotel/asset/20042083-d2946e3075c3a17e057118a2742aa8f7.jpeg?tr=q-40
148771;Hotel Santika Premiere Slipi Jakarta;Jakarta;Rp 712.500;Hotels;08.06;6090;https://ik.imagekit.io/tvlk/apr-asset/dgXfoyh24ryQLRcGq00cIdKHRmotrWLNlvG-TxlcLxGkiDwaUSggleJNPRgIHCX6/hotel/asset/10004998-6a7ff52bf1fd63317d537c447b10e356.png?tr=q-40
9076;Century Park Hotel;Jakarta;Rp 1.214.999;Hotels;08.06;6564;https://ik.imagekit.io/tvlk/apr-asset/dgXfoyh24ryQLRcGq00cIdKHRmotrWLNlvG-TxlcLxGkiDwaUSggleJNPRgIHCX6/hotel/asset/10002713-4050x2700-FIT_AND_TRIM-ed8cc532ac861c8bd17e5d9abe795e4a.jpeg?tr=q-40
9000000133906;ASTON Kartika Grogol Hotel Conference Center;Jakarta;Rp 1.080.000;Hotels;08.06;3671;https://ik.imagekit.io/tvlk/apr-asset/dgXfoyh24ryQLRcGq00cIdKHRmotrWLNlvG-TxlcLxGkiDwaUSggleJNPRgIHCX6/hotel/asset/20021896-8115ad1c25fb7489817f9c873a3635dd.jpeg?tr=q-40
3000010007129;Royal Kuningan Hotel;Jakarta;Rp 712.177;Hotels;08.05;6430;https://ik.imagekit.io/tvlk/apr-asset/dgXfoyh24ryQLRcGq00cIdKHRmotrWLNlvG-TxlcLxGkiDwaUSggleJNPRgIHCX6/hotel/asset/10007129-e0e74150c8e24c550a63fb126570b4b6.jpeg?tr=q-40
9000000936354;Hilton Garden Inn Jakarta Taman Palem;Jakarta;Rp 1.306.800;Hotels;08.05;392;https://ik.imagekit.io/tvlk/apr-asset/dgXfoyh24ryQLRcGq00cIdKHRmotrWLNlvG-TxlcLxGkiDwaUSggleJNPRgIHCX6/hotel/asset/20051476-6cbf5db0e9e0faed22dcaf3717af18b5.jpeg?tr=q-40
3000010031823;Harris Vertu Hotel Harmoni;Jakarta;Rp 928.000;Hotels;08.06;3596;https://ik.imagekit.io/tvlk/apr-asset/dgXfoyh24ryQLRcGq00cIdKHRmotrWLNlvG-TxlcLxGkiDwaUSggleJNPRgIHCX6/hotel/asset/10031823-3000x2315-FIT_AND_TRIM-d2db32b4541b1c915200fbef3ab49e3a.jpeg?tr=q-40
7347;Shangri-La Jakarta;Jakarta;Rp 2.798.741;Hotels;08.09;2199;https://ik.imagekit.io/tvlk/apr-asset/TzEv3ZUmG4-4Dz22hvmO9NUDzw1DGCIdWl4oPtKumOg=/hotels/1000000/10000/4300/4251/0673de30_z.jpg?tr=q-40
3000010007726;Teraskita Hotel Jakarta managed by Dafam;Jakarta;Rp 650.750;Hotels;08.06;9162;https://ik.imagekit.io/tvlk/apr-asset/dgXfoyh24ryQLRcGq00cIdKHRmotrWLNlvG-TxlcLxGkiDwaUSggleJNPRgIHCX6/hotel/asset/10007726-c7b460985ae972658a0282bbcd58d5b7.jpeg?tr=q-40
3000020001974;JS Luwansa Hotel And Convention Center;Jakarta;Rp 2.600.000;Hotels;08.06;3136;https://ik.imagekit.io/tvlk/apr-asset/dgXfoyh24ryQLRcGq00cIdKHRmotrWLNlvG-TxlcLxGkiDwaUSggleJNPRgIHCX6/hotel/asset/20001974-d63ff106a1ca5dfb88331265289339c2.jpeg?tr=q-40
3000020018687;Four Seasons Hotel Jakarta;Jakarta;Rp 4.658.500;Hotels;09.00;1976;https://ik.imagekit.io/tvlk/apr-asset/dgXfoyh24ryQLRcGq00cIdKHRmotrWLNlvG-TxlcLxGkiDwaUSggleJNPRgIHCX6/hotel/asset/20018687-df0d70b859fedef352ad9595a301b732.jpeg?tr=q-40
3000010005459;Swiss-Belhotel Airport Jakarta;Jakarta;Rp 880.000;Hotels;08.05;2056;https://ik.imagekit.io/tvlk/apr-asset/dgXfoyh24ryQLRcGq00cIdKHRmotrWLNlvG-TxlcLxGkiDwaUSggleJNPRgIHCX6/hotel/asset/10005459-1d32ba6f8d5b41332e44f2766d181b4b.jpeg?tr=q-40
3000010002532;Hotel GranDhika Iskandarsyah;Jakarta;Rp 722.000;Hotels;08.06;4726;https://ik.imagekit.io/tvlk/apr-asset/dgXfoyh24ryQLRcGq00cIdKHRmotrWLNlvG-TxlcLxGkiDwaUSggleJNPRgIHCX6/hotel/asset/10002532-800x600-FIT_AND_TRIM-67d7c9c08f066c5df9a9cbdc097a3392.jpeg?tr=q-40
3000020016951;Wyndham Casablanca Jakarta;Jakarta;Rp 1.244.486;Hotels;08.08;3421;https://ik.imagekit.io/tvlk/apr-asset/dgXfoyh24ryQLRcGq00cIdKHRmotrWLNlvG-TxlcLxGkiDwaUSggleJNPRgIHCX6/hotel/asset/20016951-8009992060d6cdcb7ea2b6f3fbbe7c1a.jpeg?tr=q-40
3000010005467;Swiss-Belinn Simatupang Jakarta;Jakarta;Rp 1.082.858;Hotels;08.05;7086;https://ik.imagekit.io/tvlk/apr-asset/dgXfoyh24ryQLRcGq00cIdKHRmotrWLNlvG-TxlcLxGkiDwaUSggleJNPRgIHCX6/hotel/asset/10005467-d6341fea14be60c87672c23336b5d053.jpeg?tr=q-40
2000000225794;All Sedayu Hotel Kelapa Gading;Jakarta;Rp 522.500;Hotels;08.06;3723;https://ik.imagekit.io/tvlk/apr-asset/dgXfoyh24ryQLRcGq00cIdKHRmotrWLNlvG-TxlcLxGkiDwaUSggleJNPRgIHCX6/hotel/asset/10003406-4aa844a14ad37f473be4c5fce3387866.jpeg?tr=q-40
3000010007198;ASTON Pluit Hotel Residence;Jakarta;Rp 902.796;Hotels;08.03;5673;https://ik.imagekit.io/tvlk/apr-asset/dgXfoyh24ryQLRcGq00cIdKHRmotrWLNlvG-TxlcLxGkiDwaUSggleJNPRgIHCX6/hotel/asset/10007198-5efff8e1d81bbb780f827ef65e76d0d2.jpeg?tr=q-40
149045;Oakwood Premier Cozmo Jakarta;Jakarta;Rp 2.022.543;Apartments;08.08;650;https://ik.imagekit.io/tvlk/apr-asset/dgXfoyh24ryQLRcGq00cIdKHRmotrWLNlvG-TxlcLxGkiDwaUSggleJNPRgIHCX6/hotel/asset/10007951-2362x1575-FIT_AND_TRIM-83759d2c841fc0338eb536f3e70d0c50.jpeg?tr=q-40
1000000496074;Veranda Hotel @ Pakubuwono by Breezbay Japan;Jakarta;Rp 1.720.350;Hotels;08.06;3799;https://ik.imagekit.io/tvlk/apr-asset/dgXfoyh24ryQLRcGq00cIdKHRmotrWLNlvG-TxlcLxGkiDwaUSggleJNPRgIHCX6/hotel/asset/10001723-2016x3024-FIT_AND_TRIM-bc6f12c9d8414e953bc7e4ae480d91a2.jpeg?tr=q-40
1000000533946;Swiss-Belresidences Kalibata;Jakarta;Rp 680.000;Hotels;08.06;8299;https://ik.imagekit.io/tvlk/apr-asset/dgXfoyh24ryQLRcGq00cIdKHRmotrWLNlvG-TxlcLxGkiDwaUSggleJNPRgIHCX6/hotel/asset/10006189-f55268b919c580b8c0226d20ed1829dd.jpeg?tr=q-40
303965;Hotel Santika Taman Mini Indonesia Indah;Jakarta;Rp 1.000.000;Hotels;08.02;4840;https://ik.imagekit.io/tvlk/apr-asset/dgXfoyh24ryQLRcGq00cIdKHRmotrWLNlvG-TxlcLxGkiDwaUSggleJNPRgIHCX6/hotel/asset/10004545-5b5f725681d5bf92a880abc138386b08.png?tr=q-40
48666;Millennium Hotel Sirih Jakarta;Jakarta;Rp 822.800;Hotels;08.06;4652;https://ik.imagekit.io/tvlk/apr-asset/dgXfoyh24ryQLRcGq00cIdKHRmotrWLNlvG-TxlcLxGkiDwaUSggleJNPRgIHCX6/hotel/asset/10000535-63d4918d03978147f8cb192a9b16f804.jpeg?tr=q-40
3000020012564;Grand Orchardz Hotel Kemayoran;Jakarta;Rp 800.000;Hotels;08.07;5205;https://ik.imagekit.io/tvlk/apr-asset/dgXfoyh24ryQLRcGq00cIdKHRmotrWLNlvG-TxlcLxGkiDwaUSggleJNPRgIHCX6/hotel/asset/20012564-8d500c3953b7c440f9473cdcd8f31802.jpeg?tr=q-40
46085900000;Holiday Inn Express JAKARTA PLUIT CITYGATE;Jakarta;Rp 818.656;Hotels;08.04;5049;https://ik.imagekit.io/tvlk/apr-asset/r325MvEp4gIyN56L3g2bGQB6I8gh2Ta0Np7nAAxGQ7RHPPekSgfL2UoKQ4Kzwub3/imageRepo/7/0/105/196/113/JKTPC_5305185110_P.jpg?tr=q-40
9000000711231;Oakwood Apartments PIK Jakarta (Pantai Indah Kapuk);Jakarta;Rp 1.719.008;Apartments;08.01;661;https://ik.imagekit.io/tvlk/apr-asset/dgXfoyh24ryQLRcGq00cIdKHRmotrWLNlvG-TxlcLxGkiDwaUSggleJNPRgIHCX6/hotel/asset/20035476-0ec76b4bdd594fd66f889b94c7749dd2.jpeg?tr=q-40
3000010016082;Harper MT Haryono Cawang by ASTON;Jakarta;Rp 580.000;Hotels;08.05;9331;https://ik.imagekit.io/tvlk/apr-asset/dgXfoyh24ryQLRcGq00cIdKHRmotrWLNlvG-TxlcLxGkiDwaUSggleJNPRgIHCX6/hotel/asset/10016082-eea43697bbf5f46c70f23b62b9bbfb27.jpeg?tr=q-40
3000010010313;Swiss-Belhotel Pondok Indah;Jakarta;Rp 1.800.000;Hotels;08.05;4387;https://ik.imagekit.io/tvlk/apr-asset/dgXfoyh24ryQLRcGq00cIdKHRmotrWLNlvG-TxlcLxGkiDwaUSggleJNPRgIHCX6/hotel/asset/10010313-3c7bde689e3a8d76ffbb65fbae4bce95.jpeg?tr=q-40
71861;grandkemang Hotel;Jakarta;Rp 2.178.000;Hotels;08.04;2695;https://ik.imagekit.io/tvlk/apr-asset/dgXfoyh24ryQLRcGq00cIdKHRmotrWLNlvG-TxlcLxGkiDwaUSggleJNPRgIHCX6/hotel/asset/10013035-1200x845-FIT_AND_TRIM-affbbd70857894e2e5d0a3fbc7e91c67.jpeg?tr=q-40
48659;Garden Palace Hotel Surabaya;Surabaya;Rp 650.000;Hotels;08.03;8976;https://ik.imagekit.io/tvlk/apr-asset/dgXfoyh24ryQLRcGq00cIdKHRmotrWLNlvG-TxlcLxGkiDwaUSggleJNPRgIHCX6/hotel/asset/10002200-1024x682-FIT_AND_TRIM-27e7b6753081973ebf17a169c9249dde.jpeg?tr=q-40
9000000502398;Four Points by Sheraton Surabaya Pakuwon Indah;Surabaya;Rp 992.200;Hotels;08.09;1505;https://ik.imagekit.io/tvlk/apr-asset/dgXfoyh24ryQLRcGq00cIdKHRmotrWLNlvG-TxlcLxGkiDwaUSggleJNPRgIHCX6/hotel/asset/20033194-7855144423b712968fac304ed46f281e.jpeg?tr=q-40
3000010041546;Wyndham Surabaya;Surabaya;Rp 985.000;Hotels;08.07;6032;https://ik.imagekit.io/tvlk/apr-asset/dgXfoyh24ryQLRcGq00cIdKHRmotrWLNlvG-TxlcLxGkiDwaUSggleJNPRgIHCX6/hotel/asset/10041546-a6023715aed3cac98d2f1768d98f3873.jpeg?tr=q-40
3000010006172;Best Western Papilio Hotel;Surabaya;Rp 900.000;Hotels;08.07;12626;https://ik.imagekit.io/tvlk/apr-asset/dgXfoyh24ryQLRcGq00cIdKHRmotrWLNlvG-TxlcLxGkiDwaUSggleJNPRgIHCX6/hotel/asset/10006172-e1623044c87d3bfdab215e59d17aefac.jpeg?tr=q-40
3000010008772;Swiss-Belinn Tunjungan Surabaya;Surabaya;Rp 1.000.000;Hotels;08.07;7392;https://ik.imagekit.io/tvlk/apr-asset/dgXfoyh24ryQLRcGq00cIdKHRmotrWLNlvG-TxlcLxGkiDwaUSggleJNPRgIHCX6/hotel/asset/10008772-84a745f43d101482be9345f96d5cb4e8.jpeg?tr=q-40
2000000140952;Tunjungan Hotel Surabaya;Surabaya;Rp 1.180.000;Hotels;08.00;10133;https://ik.imagekit.io/tvlk/apr-asset/dgXfoyh24ryQLRcGq00cIdKHRmotrWLNlvG-TxlcLxGkiDwaUSggleJNPRgIHCX6/hotel/asset/10002661-3a604dcc2fc9e1ed5575429d9d4d3b1d.jpeg?tr=q-40
1000000606757;Four Points by Sheraton Surabaya;Surabaya;Rp 1.179.751;Hotels;08.09;4380;https://ik.imagekit.io/tvlk/apr-asset/TzEv3ZUmG4-4Dz22hvmO9NUDzw1DGCIdWl4oPtKumOg=/hotels/16000000/15630000/15622900/15622804/14f40678_z.jpg?tr=q-40
1000000474578;Hotel Ciputra World Surabaya managed by Swiss-Belhotel International;Surabaya;Rp 1.350.000;Hotels;08.07;4109;https://ik.imagekit.io/tvlk/apr-asset/dgXfoyh24ryQLRcGq00cIdKHRmotrWLNlvG-TxlcLxGkiDwaUSggleJNPRgIHCX6/hotel/asset/10001353-fdc941c392cff225b0f3d05228302ae5.jpeg?tr=q-40
9000000332323;DoubleTree by Hilton Surabaya;Surabaya;Rp 2.178.000;Hotels;08.07;683;https://ik.imagekit.io/tvlk/apr-asset/dgXfoyh24ryQLRcGq00cIdKHRmotrWLNlvG-TxlcLxGkiDwaUSggleJNPRgIHCX6/hotel/asset/20046995-504eccfe814521382700baf9e60be08a.jpeg?tr=q-40
3000010033366;Midtown Residence Marvell City Surabaya;Surabaya;Rp 750.000;Hotels;08.09;5061;https://ik.imagekit.io/tvlk/apr-asset/dgXfoyh24ryQLRcGq00cIdKHRmotrWLNlvG-TxlcLxGkiDwaUSggleJNPRgIHCX6/hotel/asset/10033366-2480x1754-FIT_AND_TRIM-f1c002773e47336e8ad3293fc4a65596.jpeg?tr=q-40
9000000803922;The Westin Surabaya;Surabaya;Rp 1.960.200;Hotels;09.01;233;https://ik.imagekit.io/tvlk/apr-asset/dgXfoyh24ryQLRcGq00cIdKHRmotrWLNlvG-TxlcLxGkiDwaUSggleJNPRgIHCX6/hotel/asset/20046807-891de00403cbe4884b1c31be1e68c1db.jpeg?tr=q-40
62310;JW Marriott Hotel Surabaya;Surabaya;Rp 1.332.331;Hotels;09.00;6383;https://ik.imagekit.io/tvlk/apr-asset/dgXfoyh24ryQLRcGq00cIdKHRmotrWLNlvG-TxlcLxGkiDwaUSggleJNPRgIHCX6/hotel/asset/10021898-db00f54a9f1a5b7b88db4c1eccd24ec0.jpeg?tr=q-40
3000010012872;favehotel Rungkut Surabaya;Surabaya;Rp 398.520;Hotels;08.05;11613;https://ik.imagekit.io/tvlk/apr-asset/dgXfoyh24ryQLRcGq00cIdKHRmotrWLNlvG-TxlcLxGkiDwaUSggleJNPRgIHCX6/hotel/asset/10012872-67e2e618893b5f7e13e18f45a3c865de.jpeg?tr=q-40
62311;Shangri-La Surabaya;Surabaya;Rp 1.219.680;Hotels;08.07;1848;https://ik.imagekit.io/tvlk/apr-asset/dgXfoyh24ryQLRcGq00cIdKHRmotrWLNlvG-TxlcLxGkiDwaUSggleJNPRgIHCX6/hotel/asset/20004220-1ba51d9427e7f52834a772410d4cecc5.jpeg?tr=q-40
3000010028502;Vasa Hotel Surabaya;Surabaya;Rp 2.025.400;Hotels;08.07;3752;https://ik.imagekit.io/tvlk/apr-asset/dgXfoyh24ryQLRcGq00cIdKHRmotrWLNlvG-TxlcLxGkiDwaUSggleJNPRgIHCX6/hotel/asset/10028502-1600x1068-FIT_AND_TRIM-b7144ad255777ec0f188fe2b0f5a46cc.jpeg?tr=q-40
486909;The Alana Surabaya;Surabaya;Rp 617.395;Hotels;08.07;6581;https://ik.imagekit.io/tvlk/apr-asset/dgXfoyh24ryQLRcGq00cIdKHRmotrWLNlvG-TxlcLxGkiDwaUSggleJNPRgIHCX6/hotel/asset/10007203-df6ffcb1532497e54c4acb430196be4b.jpeg?tr=q-40
1000000481154;Holiday Inn Express SURABAYA CENTERPOINT;Surabaya;Rp 581.292;Hotels;08.06;3818;https://ik.imagekit.io/tvlk/apr-asset/dgXfoyh24ryQLRcGq00cIdKHRmotrWLNlvG-TxlcLxGkiDwaUSggleJNPRgIHCX6/hotel/asset/10009689-2931x2000-FIT_AND_TRIM-f7aab403396946931721c984c00a82cd.jpeg?tr=q-40
3000020001103;Primebiz Hotel Surabaya;Surabaya;Rp 398.680;Hotels;08.05;4441;https://ik.imagekit.io/tvlk/apr-asset/dgXfoyh24ryQLRcGq00cIdKHRmotrWLNlvG-TxlcLxGkiDwaUSggleJNPRgIHCX6/hotel/asset/20001103-395c83eddf46ff8672f690b34e6b9c4e.jpeg?tr=q-40
433381;Grand Darmo Suite by AMITHYA;Surabaya;Rp 1.360.000;Hotels;08.03;8487;https://ik.imagekit.io/tvlk/apr-asset/dgXfoyh24ryQLRcGq00cIdKHRmotrWLNlvG-TxlcLxGkiDwaUSggleJNPRgIHCX6/hotel/asset/10000355-b59e43c659f4022e8cece61c3a7daebb.jpeg?tr=q-40
195613;Sheraton Surabaya Hotel and Towers;Surabaya;Rp 1.210.000;Hotels;08.08;3472;https://ik.imagekit.io/tvlk/apr-asset/TzEv3ZUmG4-4Dz22hvmO9NUDzw1DGCIdWl4oPtKumOg=/hotels/1000000/30000/28600/28546/7f6cee33_z.jpg?tr=q-40
9000000972053;BeSS Mansion Hotel Surabaya;Surabaya;Rp 675.000;Hotels;08.06;547;https://ik.imagekit.io/tvlk/apr-asset/Ixf4aptF5N2Qdfmh4fGGYhTN274kJXuNMkUAzpL5HuD9jzSxIGG5kZNhhHY-p7nw/hotel/asset/67815307-99505fd97738f8f2daaeaf872fd3708f.jpeg?tr=q-40
3000020015465;Grand Dafam Signature Surabaya;Surabaya;Rp 1.220.247;Hotels;08.08;1941;https://ik.imagekit.io/tvlk/apr-asset/dgXfoyh24ryQLRcGq00cIdKHRmotrWLNlvG-TxlcLxGkiDwaUSggleJNPRgIHCX6/hotel/asset/20015465-ce3b71cf4f93cde1c6ded421ddf11d78.jpeg?tr=q-40
3000010027786;Fairfield By Marriott Surabaya;Surabaya;Rp 544.500;Hotels;08.07;3660;https://ik.imagekit.io/tvlk/apr-asset/dgXfoyh24ryQLRcGq00cIdKHRmotrWLNlvG-TxlcLxGkiDwaUSggleJNPRgIHCX6/hotel/asset/10027786-c22f177ce12107dd8dd4913abb2afab1.jpeg?tr=q-40
305023;Midtown Hotel Surabaya;Surabaya;Rp 450.001;Hotels;08.06;8689;https://ik.imagekit.io/tvlk/apr-asset/dgXfoyh24ryQLRcGq00cIdKHRmotrWLNlvG-TxlcLxGkiDwaUSggleJNPRgIHCX6/hotel/asset/10001070-1024x1539-FIT_AND_TRIM-e19dc95a433feb2d766c7bc6e40c4b54.jpeg?tr=q-40
3000010002900;Luminor Hotel Jemursari;Surabaya;Rp 430.000;Hotels;08.07;8228;https://ik.imagekit.io/tvlk/apr-asset/dgXfoyh24ryQLRcGq00cIdKHRmotrWLNlvG-TxlcLxGkiDwaUSggleJNPRgIHCX6/hotel/asset/10002900-fb7ec230d5c4e96ec51e3b6e1ab9bbb7.jpeg?tr=q-40
3000020017037;Kampi Hotel Tunjungan ñ Surabaya;Surabaya;Rp 468.000;Hotels;08.08;2840;https://ik.imagekit.io/tvlk/apr-asset/dgXfoyh24ryQLRcGq00cIdKHRmotrWLNlvG-TxlcLxGkiDwaUSggleJNPRgIHCX6/hotel/asset/20017037-960dc4290908d5ec723594cdaa6db623.png?tr=q-40
3000010000563;Crown Prince Hotel Surabaya managed by Midtown Indonesia Hotels;Surabaya;Rp 650.601;Hotels;08.05;7601;https://ik.imagekit.io/tvlk/apr-asset/dgXfoyh24ryQLRcGq00cIdKHRmotrWLNlvG-TxlcLxGkiDwaUSggleJNPRgIHCX6/hotel/asset/10000563-14b68d33b8a414a32368018eba439b71.jpeg?tr=q-40
2000000406202;POP! Hotel Gubeng;Surabaya;Rp 368.600;Hotels;08.04;14444;https://ik.imagekit.io/tvlk/apr-asset/dgXfoyh24ryQLRcGq00cIdKHRmotrWLNlvG-TxlcLxGkiDwaUSggleJNPRgIHCX6/hotel/asset/10002157-2d80f0f8cdac45a7321dba11f25d121d.jpeg?tr=q-40
164225;Java Paragon Hotel And Residence;Surabaya;Rp 1.015.920;Hotels;08.05;5697;https://ik.imagekit.io/tvlk/apr-asset/dgXfoyh24ryQLRcGq00cIdKHRmotrWLNlvG-TxlcLxGkiDwaUSggleJNPRgIHCX6/hotel/asset/10001256-1600x1067-FIT_AND_TRIM-f43813b62a509121c24aba50b152e697.jpeg?tr=q-40
546016;Swiss-Belinn Manyar Surabaya;Surabaya;Rp 460.000;Hotels;08.06;5690;https://ik.imagekit.io/tvlk/apr-asset/dgXfoyh24ryQLRcGq00cIdKHRmotrWLNlvG-TxlcLxGkiDwaUSggleJNPRgIHCX6/hotel/asset/10001232-9a98b2e7d3acd1ef34097dc34f9f8a9a.jpeg?tr=q-40
1000000802995;Novotel Samator Surabaya Timur;Surabaya;Rp 553.333;Hotels;08.05;1795;https://ik.imagekit.io/tvlk/apr-asset/TzEv3ZUmG4-4Dz22hvmO9NUDzw1DGCIdWl4oPtKumOg=/hotels/19000000/18030000/18023700/18023641/a1df9299_z.jpg?tr=q-40
400;Verwood Hotel and Serviced Residence Surabaya;Surabaya;Rp 784.516;Hotels;08.04;4457;https://ik.imagekit.io/tvlk/apr-asset/dgXfoyh24ryQLRcGq00cIdKHRmotrWLNlvG-TxlcLxGkiDwaUSggleJNPRgIHCX6/hotel/asset/10006568-e4e294ebd63570b3acd0026134d15adc.jpeg?tr=q-40
3000010012174;Hotel Aria Centra Surabaya;Surabaya;Rp 570.000;Hotels;08.08;7237;https://ik.imagekit.io/tvlk/apr-asset/dgXfoyh24ryQLRcGq00cIdKHRmotrWLNlvG-TxlcLxGkiDwaUSggleJNPRgIHCX6/hotel/asset/10012174-5c9a225bbc576c454aeac65df273b6c9.jpeg?tr=q-40
3000020014572;Oakwood Hotel Residence Surabaya;Surabaya;Rp 1.230.000;Hotels;08.07;1204;https://ik.imagekit.io/tvlk/apr-asset/dgXfoyh24ryQLRcGq00cIdKHRmotrWLNlvG-TxlcLxGkiDwaUSggleJNPRgIHCX6/hotel/asset/20014572-df4b8ff4db22ff78c83dc41e016ae18f.jpeg?tr=q-40
3000010013021;Hotel Gunawangsa MERR;Surabaya;Rp 450.000;Hotels;08.04;13333;https://ik.imagekit.io/tvlk/apr-asset/dgXfoyh24ryQLRcGq00cIdKHRmotrWLNlvG-TxlcLxGkiDwaUSggleJNPRgIHCX6/hotel/asset/10041356-b346e0b7e810ae4234ae5112133e7cf1.jpeg?tr=q-40
3000010002158;HARRIS Hotel Conventions Gubeng;Surabaya;Rp 843.600;Hotels;08.07;5743;https://ik.imagekit.io/tvlk/apr-asset/dgXfoyh24ryQLRcGq00cIdKHRmotrWLNlvG-TxlcLxGkiDwaUSggleJNPRgIHCX6/hotel/asset/10002158-49f1b453e20c0d683190c429aa532451.jpeg?tr=q-40
1000000471346;Quest Hotel Darmo - Surabaya by ASTON;Surabaya;Rp 473.850;Hotels;08.05;7023;https://ik.imagekit.io/tvlk/apr-asset/dgXfoyh24ryQLRcGq00cIdKHRmotrWLNlvG-TxlcLxGkiDwaUSggleJNPRgIHCX6/hotel/asset/10007040-f08465c951d1afc66b30ac11f0155cb4.jpeg?tr=q-40
2000000364013;favehotel Graha Agung Surabaya;Surabaya;Rp 378.000;Hotels;08.01;3377;https://ik.imagekit.io/tvlk/apr-asset/dgXfoyh24ryQLRcGq00cIdKHRmotrWLNlvG-TxlcLxGkiDwaUSggleJNPRgIHCX6/hotel/asset/10007038-5cca6235b8e8c82e840f7d33e0e24d64.jpeg?tr=q-40
3000020018642;Neo+ Waru Sidoarjo by ASTON;Surabaya;Rp 550.800;Hotels;08.04;3312;https://ik.imagekit.io/tvlk/apr-asset/dgXfoyh24ryQLRcGq00cIdKHRmotrWLNlvG-TxlcLxGkiDwaUSggleJNPRgIHCX6/hotel/asset/20018642-3ea939b77234b6333bce5f50c2f2389e.jpeg?tr=q-40
3000010043134;Swiss-Belinn Airport Surabaya;Surabaya;Rp 434.594;Hotels;08.07;3233;https://ik.imagekit.io/tvlk/apr-asset/dgXfoyh24ryQLRcGq00cIdKHRmotrWLNlvG-TxlcLxGkiDwaUSggleJNPRgIHCX6/hotel/asset/10043134-77f9765c5888a09ba5869474a6e1b730.jpeg?tr=q-40
2000000218205;ibis Budget Surabaya Airport;Surabaya;Rp 386.750;Hotels;08.04;6741;https://ik.imagekit.io/tvlk/apr-asset/TzEv3ZUmG4-4Dz22hvmO9NUDzw1DGCIdWl4oPtKumOg=/hotels/12000000/11040000/11035600/11035501/4606fcab_z.jpg?tr=q-40
412560;Gunawangsa Manyar Hotel Surabaya;Surabaya;Rp 387.000;Hotels;08.04;12621;https://ik.imagekit.io/tvlk/apr-asset/dgXfoyh24ryQLRcGq00cIdKHRmotrWLNlvG-TxlcLxGkiDwaUSggleJNPRgIHCX6/hotel/asset/10002586-24f7ef6d700dd515854343fd18070451.jpeg?tr=q-40
237328;favehotel MEX Tunjungan Surabaya;Surabaya;Rp 295.800;Hotels;08.01;9426;https://ik.imagekit.io/tvlk/apr-asset/dgXfoyh24ryQLRcGq00cIdKHRmotrWLNlvG-TxlcLxGkiDwaUSggleJNPRgIHCX6/hotel/asset/10007202-ea34523b4919d6503abe3f4b66d1892b.jpeg?tr=q-40
48694;Surabaya Suites Hotel Powered by Archipelago;Surabaya;Rp 522.000;Hotels;08.05;8369;https://ik.imagekit.io/tvlk/apr-asset/dgXfoyh24ryQLRcGq00cIdKHRmotrWLNlvG-TxlcLxGkiDwaUSggleJNPRgIHCX6/hotel/asset/10000976-1113x766-FIT_AND_TRIM-85a4b50a1c43c1fdd2ddd604cf904188.jpeg?tr=q-40
625695;ibis Surabaya City Center;Surabaya;Rp 363.750;Hotels;08.05;3074;https://ik.imagekit.io/tvlk/apr-asset/TzEv3ZUmG4-4Dz22hvmO9NUDzw1DGCIdWl4oPtKumOg=/hotels/7000000/6740000/6731500/6731488/e9dab5c6_z.jpg?tr=q-40
9000000413948;HARRIS Hotel Conventions Bundaran Satelit Surabaya;Surabaya;Rp 698.000;Hotels;08.08;1429;https://ik.imagekit.io/tvlk/apr-asset/dgXfoyh24ryQLRcGq00cIdKHRmotrWLNlvG-TxlcLxGkiDwaUSggleJNPRgIHCX6/hotel/asset/20031025-4e1338d7e919f9156218fab364e42ec0.jpeg?tr=q-40
4166;Novotel Surabaya Hotel Suite;Surabaya;Rp 786.500;Hotels;08.04;4103;https://ik.imagekit.io/tvlk/apr-asset/dgXfoyh24ryQLRcGq00cIdKHRmotrWLNlvG-TxlcLxGkiDwaUSggleJNPRgIHCX6/hotel/asset/10006524-c11d64284516b41572b0b8c13caf5a64.jpeg?tr=q-40
186043;Hotel Santika Pandegiling Surabaya;Surabaya;Rp 491.250;Hotels;08.07;4389;https://ik.imagekit.io/tvlk/apr-asset/dgXfoyh24ryQLRcGq00cIdKHRmotrWLNlvG-TxlcLxGkiDwaUSggleJNPRgIHCX6/hotel/asset/10000999-2010438758dbce18fbbd1338513c54c5.png?tr=q-40
9000000973043;ASTON Inn Jemursari;Surabaya;Rp 566.100;Hotels;08.06;476;https://ik.imagekit.io/tvlk/apr-asset/dgXfoyh24ryQLRcGq00cIdKHRmotrWLNlvG-TxlcLxGkiDwaUSggleJNPRgIHCX6/hotel/asset/20052682-df09994f3db2b410d1f846d10b09ebe3.jpeg?tr=q-40
1000000507646;Ascott Waterplace Surabaya;Surabaya;Rp 1.231.090;Apartments;08.08;2685;https://ik.imagekit.io/tvlk/apr-asset/dgXfoyh24ryQLRcGq00cIdKHRmotrWLNlvG-TxlcLxGkiDwaUSggleJNPRgIHCX6/hotel/asset/10010340-f93e32db5524d113735a67c8fb7af6fe.jpeg?tr=q-40
251822;Prime Royal Boutique Hotel Surabaya;Surabaya;Rp 269.999;Hotels;08.00;4689;https://ik.imagekit.io/tvlk/apr-asset/dgXfoyh24ryQLRcGq00cIdKHRmotrWLNlvG-TxlcLxGkiDwaUSggleJNPRgIHCX6/hotel/asset/10001422-898247f031e348b332d78449170d4a12.jpeg?tr=q-40
9000000643122;Deka Hotel Surabaya HR Muhammad;Surabaya;Rp 330.000;Hotels;08.01;726;https://ik.imagekit.io/tvlk/apr-asset/dgXfoyh24ryQLRcGq00cIdKHRmotrWLNlvG-TxlcLxGkiDwaUSggleJNPRgIHCX6/hotel/asset/20034592-ba27e618c3ed854e9a676b513234d1ca.jpeg?tr=q-40
3000010001959;MaxOneHotels.com @ Tidar - Surabaya;Surabaya;Rp 900.000;Hotels;08.06;6156;https://ik.imagekit.io/tvlk/apr-asset/dgXfoyh24ryQLRcGq00cIdKHRmotrWLNlvG-TxlcLxGkiDwaUSggleJNPRgIHCX6/hotel/asset/10001959-1181x1181-FIT_AND_TRIM-c7bde318c9008e3b92eed9ae54d4737d.jpeg?tr=q-40
9000000973525;The Gaia Hotel Bandung;Bandung;Rp 3.380.000;Hotels;08.06;342;https://ik.imagekit.io/tvlk/apr-asset/Ixf4aptF5N2Qdfmh4fGGYhTN274kJXuNMkUAzpL5HuD9jzSxIGG5kZNhhHY-p7nw/hotel/asset/67816403-9cb659271a4c20ab394936a2006c631d.jpeg?tr=q-40
1000000511080;InterContinental Hotels BANDUNG DAGO PAKAR;Bandung;Rp 3.532.716;Hotels;08.08;4013;https://ik.imagekit.io/tvlk/apr-asset/r325MvEp4gIyN56L3g2bGQB6I8gh2Ta0Np7nAAxGQ7RHPPekSgfL2UoKQ4Kzwub3/imageRepo/7/0/139/493/432/BDOIC_7089548045_P.jpg?tr=q-40
3000010008390;Grand Tjokro Premiere Bandung;Bandung;Rp 1.455.000;Hotels;08.06;15398;https://ik.imagekit.io/tvlk/apr-asset/dgXfoyh24ryQLRcGq00cIdKHRmotrWLNlvG-TxlcLxGkiDwaUSggleJNPRgIHCX6/hotel/asset/10008390-c43520109e4aa4f8091c941fe1d2a569.jpeg?tr=q-40
3000010013360;ASTON Pasteur;Bandung;Rp 942.300;Hotels;08.07;12911;https://ik.imagekit.io/tvlk/apr-asset/dgXfoyh24ryQLRcGq00cIdKHRmotrWLNlvG-TxlcLxGkiDwaUSggleJNPRgIHCX6/hotel/asset/10013360-5cceb0ae909d1b2f1edbcbcff00a551b.jpeg?tr=q-40
295675;Ibis Bandung Trans Studio;Bandung;Rp 688.500;Hotels;08.04;17477;https://ik.imagekit.io/tvlk/apr-asset/dgXfoyh24ryQLRcGq00cIdKHRmotrWLNlvG-TxlcLxGkiDwaUSggleJNPRgIHCX6/hotel/asset/10019962-1410x1536-FIT_AND_TRIM-23ff4b30a9b92f31d3da046c98564982.jpeg?tr=q-40
3000010032948;Holiday Inn BANDUNG PASTEUR;Bandung;Rp 1.465.785;Hotels;08.06;5119;https://ik.imagekit.io/tvlk/apr-asset/r325MvEp4gIyN56L3g2bGQB6I8gh2Ta0Np7nAAxGQ7RHPPekSgfL2UoKQ4Kzwub3/imageRepo/6/0/97/536/359/BDOPA_4963725386_P.jpg?tr=q-40
3000010009554;Aryaduta Bandung;Bandung;Rp 1.742.400;Hotels;08.07;8202;https://ik.imagekit.io/tvlk/apr-asset/dgXfoyh24ryQLRcGq00cIdKHRmotrWLNlvG-TxlcLxGkiDwaUSggleJNPRgIHCX6/hotel/asset/10009554-1826x1200-FIT_AND_TRIM-a24d86d131cd0f3d53da5d4ee61fce91.jpeg?tr=q-40
194479;Hilton Bandung;Bandung;Rp 3.267.000;Hotels;08.08;2978;https://ik.imagekit.io/tvlk/apr-asset/dgXfoyh24ryQLRcGq00cIdKHRmotrWLNlvG-TxlcLxGkiDwaUSggleJNPRgIHCX6/hotel/asset/20042050-cc8319bdfc1471fca7e027cf0d877752.jpeg?tr=q-40
280342;The Papandayan Hotel;Bandung;Rp 2.395.800;Hotels;08.08;4924;https://ik.imagekit.io/tvlk/apr-asset/dgXfoyh24ryQLRcGq00cIdKHRmotrWLNlvG-TxlcLxGkiDwaUSggleJNPRgIHCX6/hotel/asset/10005852-74cec5c09a205d330e8ea53709797fc4.jpeg?tr=q-40
1000000492937;Harris Hotel Conventions Ciumbuleuit Bandung;Bandung;Rp 800.000;Hotels;08.07;5564;https://ik.imagekit.io/tvlk/apr-asset/dgXfoyh24ryQLRcGq00cIdKHRmotrWLNlvG-TxlcLxGkiDwaUSggleJNPRgIHCX6/hotel/asset/10002800-1615x895-FIT_AND_TRIM-3c907f9d2cb3e40b4bbcdccef2ca30ea.jpeg?tr=q-40
1000000508325;Crowne Plaza BANDUNG;Bandung;Rp 1.716.871;Hotels;08.07;3769;https://ik.imagekit.io/tvlk/apr-asset/r325MvEp4gIyN56L3g2bGQB6I8gh2Ta0Np7nAAxGQ7RHPPekSgfL2UoKQ4Kzwub3/imageRepo/6/0/98/655/943/BDOCP_4077234995_P.jpg?tr=q-40
3000010008710;Best Western Premier La Grande Hotel;Bandung;Rp 1.060.001;Hotels;08.06;9039;https://ik.imagekit.io/tvlk/apr-asset/dgXfoyh24ryQLRcGq00cIdKHRmotrWLNlvG-TxlcLxGkiDwaUSggleJNPRgIHCX6/hotel/asset/10008710-2000x1333-FIT_AND_TRIM-db6bfd7b2bc0d7f7cdbd2ed966d18e80.jpeg?tr=q-40
3000010014882;Grand Tebu Hotel;Bandung;Rp 1.088.001;Hotels;08.05;7501;https://ik.imagekit.io/tvlk/apr-asset/dgXfoyh24ryQLRcGq00cIdKHRmotrWLNlvG-TxlcLxGkiDwaUSggleJNPRgIHCX6/hotel/asset/10014882-960x720-FIT_AND_TRIM-54905f05c613b2cc66707077c313c10f.jpeg?tr=q-40
3000010000305;Shakti Hotel Bandung;Bandung;Rp 769.500;Hotels;08.05;8976;https://ik.imagekit.io/tvlk/apr-asset/dgXfoyh24ryQLRcGq00cIdKHRmotrWLNlvG-TxlcLxGkiDwaUSggleJNPRgIHCX6/hotel/asset/10000305-ea778958298b97175eec3fc1682d8ead.jpeg?tr=q-40
2000000141117;Sari Ater Hotel;Bandung;Rp 1.305.000;Hotels;08.05;7473;https://ik.imagekit.io/tvlk/apr-asset/dgXfoyh24ryQLRcGq00cIdKHRmotrWLNlvG-TxlcLxGkiDwaUSggleJNPRgIHCX6/hotel/asset/10000219-491b4ea81e6b01af6818ae68ce954669.jpeg?tr=q-40
5171;The Jayakarta Suites Bandung;Bandung;Rp 1.110.000;Hotels;08.04;9275;https://ik.imagekit.io/tvlk/apr-asset/dgXfoyh24ryQLRcGq00cIdKHRmotrWLNlvG-TxlcLxGkiDwaUSggleJNPRgIHCX6/hotel/asset/10000807-157f2c981a9a417d577a113aa6d469da.jpeg?tr=q-40
3000010040418;Art Deco Luxury Hotel Residence;Bandung;Rp 1.980.000;Hotels;08.06;3828;https://ik.imagekit.io/tvlk/apr-asset/dgXfoyh24ryQLRcGq00cIdKHRmotrWLNlvG-TxlcLxGkiDwaUSggleJNPRgIHCX6/hotel/asset/10040418-6fd320e6beeebfe62e0e0df2c06f7ec0.jpeg?tr=q-40
9000000973886;Kimaya Braga Bandung by Harris;Bandung;Rp 720.001;Hotels;08.04;447;https://ik.imagekit.io/tvlk/apr-asset/dgXfoyh24ryQLRcGq00cIdKHRmotrWLNlvG-TxlcLxGkiDwaUSggleJNPRgIHCX6/hotel/asset/20054444-0d265704ff5d22ba43473b8e3eb9eb8d.jpeg?tr=q-40
3000020009318;JanÈvalla Bandung;Bandung;Rp 1.450.000;Hotels;08.08;9112;https://ik.imagekit.io/tvlk/apr-asset/dgXfoyh24ryQLRcGq00cIdKHRmotrWLNlvG-TxlcLxGkiDwaUSggleJNPRgIHCX6/hotel/asset/20009318-d7a45a5311c7ab08566253f401886a4b.jpeg?tr=q-40
3000010021464;West Point Hotel;Bandung;Rp 425.000;Hotels;08.05;4448;https://ik.imagekit.io/tvlk/apr-asset/dgXfoyh24ryQLRcGq00cIdKHRmotrWLNlvG-TxlcLxGkiDwaUSggleJNPRgIHCX6/hotel/asset/10021464-e82481c7e2da726d4d204bbfdf08625c.jpeg?tr=q-40
3000010029354;Kytos Hotel;Bandung;Rp 1.080.000;Hotels;08.04;5726;https://ik.imagekit.io/tvlk/apr-asset/dgXfoyh24ryQLRcGq00cIdKHRmotrWLNlvG-TxlcLxGkiDwaUSggleJNPRgIHCX6/hotel/asset/10029354-1280x678-FIT_AND_TRIM-950aa1f5b04c3b10aedea53826247524.jpeg?tr=q-40
3000010005841;De Java Hotel Bandung;Bandung;Rp 805.600;Hotels;08.06;4566;https://ik.imagekit.io/tvlk/apr-asset/dgXfoyh24ryQLRcGq00cIdKHRmotrWLNlvG-TxlcLxGkiDwaUSggleJNPRgIHCX6/hotel/asset/10005841-eb45c565233d8cd1b56af37f0768102a.jpeg?tr=q-40
186010;ASTON Tropicana;Bandung;Rp 1.025.838;Hotels;08.06;5503;https://ik.imagekit.io/tvlk/apr-asset/dgXfoyh24ryQLRcGq00cIdKHRmotrWLNlvG-TxlcLxGkiDwaUSggleJNPRgIHCX6/hotel/asset/10007330-dac88ecb8815c87d4242e60943b3b717.jpeg?tr=q-40
2000000141122;Sensa Hotel Bandung;Bandung;Rp 1.488.000;Hotels;08.06;3003;https://ik.imagekit.io/tvlk/apr-asset/dgXfoyh24ryQLRcGq00cIdKHRmotrWLNlvG-TxlcLxGkiDwaUSggleJNPRgIHCX6/hotel/asset/20020038-3df2a6f50c4ab3bd6c773cc58eddadb8.jpeg?tr=q-40
3000010001305;THE 1O1 Bandung Dago;Bandung;Rp 945.000;Hotels;08.06;12309;https://ik.imagekit.io/tvlk/apr-asset/dgXfoyh24ryQLRcGq00cIdKHRmotrWLNlvG-TxlcLxGkiDwaUSggleJNPRgIHCX6/hotel/asset/10001305-3f744a1c7bbf66a31b278a6485ab6685.jpeg?tr=q-40
3000020009559;YELLO Hotel Paskal Bandung;Bandung;Rp 688.000;Hotels;08.07;4706;https://ik.imagekit.io/tvlk/apr-asset/dgXfoyh24ryQLRcGq00cIdKHRmotrWLNlvG-TxlcLxGkiDwaUSggleJNPRgIHCX6/hotel/asset/20009559-2f775ca2aa6164730b8a348cccc36fa1.jpeg?tr=q-40
9000000890203;ibis Styles Bandung Grand Central;Bandung;Rp 850.000;Hotels;08.07;1577;https://ik.imagekit.io/tvlk/apr-asset/TzEv3ZUmG4-4Dz22hvmO9NUDzw1DGCIdWl4oPtKumOg=/hotels/58000000/57840000/57832900/57832897/e4297ea8_z.jpg?tr=q-40
186703;GH Universal Hotel;Bandung;Rp 1.000.000;Hotels;08.05;5993;https://ik.imagekit.io/tvlk/apr-asset/dgXfoyh24ryQLRcGq00cIdKHRmotrWLNlvG-TxlcLxGkiDwaUSggleJNPRgIHCX6/hotel/asset/10000351-950e26a2ea48643e856b69b61be69a42.jpeg?tr=q-40
216177;Amaroossa Bandung;Bandung;Rp 550.000;Hotels;08.02;5387;https://ik.imagekit.io/tvlk/apr-asset/dgXfoyh24ryQLRcGq00cIdKHRmotrWLNlvG-TxlcLxGkiDwaUSggleJNPRgIHCX6/hotel/asset/10000114-2000x1334-FIT_AND_TRIM-cc0dde7c0cba3a3666ddcda9801d3022.jpeg?tr=q-40
2000000081026;Horison Ultima Bandung;Bandung;Rp 1.520.000;Hotels;08.00;17251;https://ik.imagekit.io/tvlk/apr-asset/dgXfoyh24ryQLRcGq00cIdKHRmotrWLNlvG-TxlcLxGkiDwaUSggleJNPRgIHCX6/hotel/asset/10000295-800x600-FIT_AND_TRIM-ca254b8bf5c176d1d09735c857323456.jpeg?tr=q-40
1000000470466;Grand Mercure Bandung Setiabudi;Bandung;Rp 2.913.259;Hotels;08.08;3706;https://ik.imagekit.io/tvlk/apr-asset/TzEv3ZUmG4-4Dz22hvmO9NUDzw1DGCIdWl4oPtKumOg=/hotels/8000000/7850000/7841200/7841149/c096edc2_z.jpg?tr=q-40
1000000470785;favehotel Hyper Square;Bandung;Rp 768.000;Hotels;08.03;6066;https://ik.imagekit.io/tvlk/apr-asset/dgXfoyh24ryQLRcGq00cIdKHRmotrWLNlvG-TxlcLxGkiDwaUSggleJNPRgIHCX6/hotel/asset/10007042-38b0a4c16a2bda17bdfa4f698a0bc108.jpeg?tr=q-40
49722;Grand Hotel Preanger;Bandung;Rp 1.800.000;Hotels;08.06;3678;https://ik.imagekit.io/tvlk/apr-asset/dgXfoyh24ryQLRcGq00cIdKHRmotrWLNlvG-TxlcLxGkiDwaUSggleJNPRgIHCX6/hotel/asset/10003466-35781d7f7376abb68c711f8ba997728a.jpeg?tr=q-40
3000020003597;Courtyard by Marriott Bandung Dago;Bandung;Rp 1.635.135;Hotels;08.06;2109;https://ik.imagekit.io/tvlk/apr-asset/dgXfoyh24ryQLRcGq00cIdKHRmotrWLNlvG-TxlcLxGkiDwaUSggleJNPRgIHCX6/hotel/asset/20003597-4a935586820e0441cf8071ecefd4b80a.jpeg?tr=q-40
304036;favehotel Premier Cihampelas;Bandung;Rp 884.000;Hotels;08.02;6537;https://ik.imagekit.io/tvlk/apr-asset/dgXfoyh24ryQLRcGq00cIdKHRmotrWLNlvG-TxlcLxGkiDwaUSggleJNPRgIHCX6/hotel/asset/10007039-c73217a0962385a074f1a34efeee2988.jpeg?tr=q-40
3000010034081;Hay Bandung;Bandung;Rp 4.500.000;Hotels;08.06;4492;https://ik.imagekit.io/tvlk/apr-asset/dgXfoyh24ryQLRcGq00cIdKHRmotrWLNlvG-TxlcLxGkiDwaUSggleJNPRgIHCX6/hotel/asset/10034081-16b82c2d956d70afb8e74d2d4034cdd0.jpeg?tr=q-40